freq,avg_deviation,spread,stddev,stability,cut_weight,boost_weight
20.144928000000004,-33.02267610440205,10.765973861914723,3.895401264254323,0.3722984933966447,0.4766158260872797,0.22716264567686004
20.326848476550488,-32.73368029548392,6.928595776389663,2.7159371734662536,0.5495741959205352,0.6382925123683815,0.40741733134554037
20.510411801354817,-32.745554118585126,5.446036729778463,1.946984057820213,0.7036336544926844,0.768263061448325,0.5902281315859529
20.695632810293105,-33.05947745461546,6.051699276339232,2.3770997826142684,0.614309169984993,0.6938893928033066,0.48148248944494154
20.882526473222185,-33.40189964579759,8.476462305837057,2.9579254763036644,0.5070615897544773,0.6008907730529433,0.3610697211401637
21.071107895185406,-33.40420899344407,9.521489445278231,3.129648199951608,0.47885845621004586,0.5756458403937984,0.3313681335626824
21.26139231763352,-33.062331876616355,8.325403234179024,2.7634016349005632,0.5409827949250812,0.6307940526215676,0.397901136822741
21.453395119656488,-32.663494035372885,6.392704839104887,2.3450359795716986,0.6207241697699277,0.6993168492656759,0.4890440556668721
21.647131819226413,-32.61000093984275,7.731504738948608,2.524480218085922,0.5854419945686669,0.6692877926182478,0.4479461493478067
21.842618074451792,-32.908905822448254,9.210385122517426,3.117573998148252,0.4807880402162115,0.5773846607826922,0.3333730465071446
22.03986968484299,-33.8870600442473,11.150686608754754,3.8758768134162835,0.3746499977139579,0.4788718417129949,0.22931824078559562
22.23890259258916,-34.842655878845505,12.46393222670147,4.4206123183535,0.3153268474963636,0.4207951365505549,0.17706854694460017
22.439732883846773,-35.77094396396441,13.129903137584108,4.718869556879307,0.28783669394190886,0.392970200398268,0.15442557840105492
22.642376790039698,-35.82664416732378,11.175989660776942,4.067853620952505,0.3522858821584919,0.45726865200553285,0.2090946201069571
22.846850689171017,-35.60382327300927,9.633476379934617,3.39959111493765,0.4378023930274693,0.538218471222451,0.2896791227650324
23.0531711071468,-35.09962563951054,8.072723027689758,3.0836885612509457,0.48624638215502314,0.5822939626619656,0.3390662589525747
23.261354719111658,-35.010646196426094,7.7369143314238045,3.2338310480496384,0.46254269516330904,0.5608721425556737,0.314577560294992
23.47141835079655,-35.15735014722,9.561597828463164,3.70211048745244,0.3963776009175145,0.4995532957990129,0.2495534953436561
23.68337897987862,-35.545824085029366,12.69706001621855,4.3881340194074365,0.31851957568680506,0.4239865661755918,0.17976460829736948
23.897253737353317,-36.02356515536755,12.602323219314691,4.166251640758387,0.34145680917742827,0.4466854776854191,0.19952791597505107
24.113059908919055,-36.443269833966895,11.771070749168924,3.9749810328689037,0.36289628670752977,0.46755950832584386,0.21861189382590487
24.330814936374153,-36.800792136143365,10.205232284170464,3.8030858617084076,0.38357510807928774,0.48740256690085726,0.23756126222154467
24.550536419026603,-36.75553810605373,10.327550216591007,3.922737041278749,0.3690359803822633,0.47347988493647275,0.22418320143945544
24.77224211511644,-36.400145533018744,11.183552093798795,4.154137273037869,0.3427676121756589,0.44797093194779475,0.20067795587017576
24.995949943250945,-35.721788506924504,12.096249170339306,4.596637327216212,0.29871478245682265,0.40405690812070144,0.16326198500006095
25.221677983852942,-34.705959247329076,9.637321443794821,3.661496983851943,0.40166808000093535,0.504545677931572,0.2545663411194296
25.449444480622038,-33.92832139378239,7.8842630123402415,2.875112949696174,0.5212473607903959,0.6134552701161294,0.3763273684332533
25.67926784200908,-33.41100545127297,6.608900888230284,2.280655348936391,0.633740834341818,0.7102868403296064,0.5045073955454159
25.911166642704014,-33.53584102791772,6.091913340427503,2.0174066131221373,0.6886035643480998,0.755921938640746,0.5714179773183837
26.145159625137115,-34.03021482925156,5.902743989421275,2.2516738585817313,0.6396572499064628,0.7152543288651311,0.511588754960309
26.3812657009937,-34.91026655836383,6.9709272706527585,2.835157872054596,0.5282272877384321,0.619606014123757,0.38391161273832936
26.619503952742726,-36.1464469655134,7.191040855196704,2.724141995467292,0.548080361547077,0.6369908305720546,0.405757318232876
26.859893635178945,-37.43537793784215,8.105030368145115,2.775615970605364,0.5387916836922071,0.6288769294509491,0.39548619239565397
27.1024541769792,-38.77386330778872,8.243629770604933,3.5565277257284613,0.4157257126291851,0.5177321861274102,0.2680466165522674
27.347205182272642,-38.443333298892796,8.508239230860603,3.3332322300009714,0.4475288108180929,0.547161774740123,0.2993860077367611
27.594166432225137,-37.66435543372344,8.396114533463866,3.2592207407232636,0.45865669011272747,0.5573343357287062,0.31062156178215816
27.84335788663808,-36.4348374813012,7.947238911451862,3.269895967236481,0.4570332936616097,0.5558541837512632,0.308973873593783
28.09479968556151,-36.61124881392334,11.046586844838227,3.9786120616048533,0.36247419175413725,0.46715157521189854,0.2182305942229581
28.348512150921913,-37.22130665026773,13.090740624797075,4.610261058050993,0.29747633941100304,0.4027998697846935,0.16224773509856608
28.604515788164658,-38.272336518371795,13.928290683777803,5.092325944418571,0.257645018147023,0.36163154929995706,0.1307773774490873
28.862831287911234,-37.91893461862295,10.15083745101522,3.8635752423686225,0.3761407462796932,0.48030022093540253,0.23068830223059647
29.12347952763158,-37.07808453101401,6.016100819842663,2.2965041991298176,0.6305200481668136,0.707577761594383,0.5006662887029175
29.386481573331388,-35.736153788139994,2.134279876382621,0.994618208641431,0.9009671539163865,0.9247657119908828,0.8551916220740043
29.65185868125466,-35.092570719516296,3.940678218244763,1.4084034817968079,0.8194034468515433,0.861238309611539,0.7417314259425412
29.919632299601744,-34.958864641254685,4.494294291030663,1.9974751031521816,0.6928456183005963,0.7594118262023165,0.5767063217759374
30.189824070262784,-35.37435113859637,7.08080287418354,2.913014089737224,0.5147077426637716,0.6076738195168224,0.3692674709261637
30.462455830566793,-36.22011567890806,7.896452121543049,3.3145319201615213,0.45031247520907824,0.5497123371845956,0.30218365365295047
30.737549615046696,-36.48664521946532,7.9765114783644435,2.9685474014346007,0.5052695778446283,0.5992973574230934,0.359157322614303
31.015127657220063,-36.08442869171226,6.34834985536699,2.1708346968325776,0.6563343460272266,0.7291952796381741,0.531725755846595
31.295212391386183,-35.58286815042164,6.505513753482333,2.221333469929665,0.6458871663488593,0.7204726372842307,0.5190808210752946
31.577826454439176,-35.4181770105289,6.676432661518376,2.279978979919006,0.6338785185634082,0.7104025729325412,0.5046718156291745
31.8629926876975,-35.64052311632433,5.5895684472342,2.110422829150678,0.6689517802901029,0.7396838054287505,0.5471321320135576
32.15073413875014,-36.609584560828814,6.6219148558856205,2.2811719196376945,0.6336356920542374,0.7101984571198691,0.5043818484954424
32.441074063319206,-37.093193648843204,7.897372103879334,2.565777995403704,0.5775444287743575,0.6625048304175266,0.43891265032655574
32.73403592713965,-36.99048472246732,8.180822457882861,2.7064887434884213,0.551298938384433,0.639794300803127,0.4093367473401622
33.02964340785571,-35.85461845300904,7.545347487499484,2.6526868844028106,0.5612110488119484,0.6484024683239187,0.4204257609285504
33.32792039693453,-34.963869417173925,8.398149557570335,3.054968813282692,0.4909224497980589,0.5864887279322805,0.34396902799162443
33.62889100159725,-34.4001156840867,8.554864040504832,3.300951565677829,0.45234583749151663,0.551572936230866,0.304232703982339
33.93257954676729,-34.28724017944451,8.217218582851586,2.975859913117025,0.5040395346131672,0.5982028136795086,0.3578466062940809
34.23901057703631,-34.34133564512032,8.06784498236081,2.756380625958799,0.5422459560118367,0.6318983791033077,0.3992955615133876
34.54820885864802,-34.56970537650852,7.310113421795847,2.622924886576854,0.5667600890264624,0.6532049164791733,0.4266766629125638
34.86019938149979,-35.037101567783424,6.777453402782893,2.735460947155158,0.5460255030310157,0.6351988391344275,0.4034775652377244
35.175007361162336,-35.182051051825255,9.279323012681889,3.5088475713056178,0.4222970738108114,0.523857968083507,0.27442717072458067
35.49265824091777,-34.93686218134978,10.299583316240081,3.835885923704032,0.3795223116500984,0.4835350769504743,0.23380617064150114
35.81317769381585,-34.47078821937678,9.996228068653231,3.4855223421887733,0.4255547319130441,0.5268858895795645,0.2776087406380491
36.136591624749066,-34.783487053999075,9.865592592905351,3.478348027814358,0.42656242107782005,0.5278213395289717,0.27859536646215805
36.46292617254614,-36.02927258196785,9.919701486516328,3.9283656421298634,0.36836849801957494,0.472837445588455,0.22357524995061512
36.79220771208477,-37.411406743404235,6.401145686433999,2.565867776078936,0.5775273539995017,0.6624901404273782,0.4388931861634872
37.1244628564232,-37.953962713379106,3.1674930709980984,1.2476675931005985,0.8525412113211949,0.8872306497367234,0.7871782258322484
37.4597184589511,-37.487471168095894,5.887268499174418,2.172211130308579,0.6560483446630986,0.7289569534622692,0.531378240000993
37.798001615560025,-36.21681997838732,7.726983669837807,2.9176850653246644,0.5139072981939048,0.60696491659412,0.3684064099761071
38.13933966683323,-35.060724962323434,8.096909898378009,3.029258549752961,0.49514735344159705,0.5902701841046755,0.34841889024296746
38.4837602002554,-34.087972800559044,6.6419052343686005,2.685195325898528,0.555203449016125,0.6431897525641603,0.4136930578035457
38.83129105244237,-33.960424662566076,8.35049261104978,2.871980282703266,0.5217914383102684,0.6139354505223668,0.3769167374081015
39.18196031139089,-34.38124295906169,12.14480640367399,4.224639176954572,0.3352257924954374,0.4405579773787709,0.1940913314320736
39.535796318748694,-35.41625964277747,15.73437752502888,5.65506531560812,0.21962059275550086,0.3208150949996987,0.10292232517966568
39.89282767210521,-36.49493081890901,14.90994650126638,5.418727573207846,0.2346034419696437,0.3370938153938047,0.11363224037675247
40.25308322730284,-37.45755267336365,12.48526116690924,4.571638936200648,0.30100452672484557,0.4063776084535208,0.16514276065240305
40.61659210076902,-38.27564899128792,8.396992726156938,3.0350670676073026,0.49418964473761395,0.5894137062163141,0.3474085170756514
40.983383671869625,-38.44136551610029,10.02151037576732,3.198597641141103,0.46799373017778517,0.565822256156382,0.3201548255618984
41.35348758528338,-38.44603345868602,12.239219480889716,3.9885533095098715,0.3613216059977589,0.4660370547311417,0.21719053638247715
41.726933753397745,-38.29544667702883,14.810277055429218,5.1750272788121,0.25153079309511706,0.3551758022831706,0.1261498505274939
42.103752358726524,-38.643482620282285,12.478600722754535,4.424830708012059,0.31491514995171555,0.4203830198502776,0.1767218833784389
42.48397385634931,-38.704983796743534,10.76207379455849,3.728783245983996,0.39294747485321085,0.4963075440779882,0.24632117830872424
42.86762897637286,-38.37630431206489,8.091460266983013,3.4237076242983457,0.43432575053058364,0.5350097345273593,0.2862354160390356
43.25474872641472,-36.109120118888896,9.396465682595753,3.2961304636962407,0.45307009279925836,0.5522351503414874,0.3049636612726852
43.64536439410938,-33.17741311601189,9.626723112802228,3.508645683955171,0.42232514841346747,0.5238840876975186,0.2744545373426614
44.03950754963699,-29.55491586669107,10.46818151381392,3.4616569667598514,0.42891723889768074,0.530005194659073,0.28090550636560185
44.43721004827479,-25.737468969487672,10.323843066948434,3.321671328121373,0.4492475011795969,0.548737010110207,0.30111230626468943
44.83850403297189,-22.1160128422188,10.048922039130215,3.212405960823943,0.465849310241908,0.5638766261926631,0.3179568495664203
45.24342193694701,-18.75650463572281,9.68412367317648,3.1106155583566433,0.48190373430973327,0.5783892583249886,0.33453413414573036
45.65199648630971,-16.075954697064613,9.193778753314907,2.9888533756119195,0.5018612220195252,0.5962628201251752,0.35552935066362706
46.064260702705546,-13.734550434318619,8.640838205016305,2.8533775787817253,0.525033491669158,0.6167941639620704,0.38043504069766937
46.480247905984825,-11.770410686375088,8.018284898214205,2.68651652643229,0.5549604787379706,0.6429786346257464,0.41342152458518916
46.89999171689552,-10.257266474252258,7.333147954431778,2.463862115644211,0.5971885745434476,0.6793344168442469,0.46149524990911295
47.32352605980066,-8.943755148546535,6.749356596120309,2.268016878063802,0.6363166908832066,0.7124509769763548,0.5075863945945626
47.750885165420144,-7.848704752441057,6.300592902175391,2.11237027164197,0.6685431352960058,0.7393448895531562,0.5466308657083688
48.18210357359719,-7.027687224679882,6.022808722805218,2.021023946023676,0.6878347668193866,0.7552888834729506,0.5704612974978164
48.61721613609002,-6.286880157463891,5.7879675885431885,1.9457429300770024,0.7038995342057432,0.7684807769254086,0.5905627045038796
49.056258019388665,-5.626020163639442,5.593834691288718,1.8852728756741157,0.7168884851369803,0.7790919257923773,0.6069842288348751
49.49926470755708,-5.002137264241467,5.451412068299598,1.83495704687488,0.7277392234709589,0.7879194789990248,0.6208171053860948
49.94627200510103,-4.362206604306054,5.267132762242749,1.7656803468326996,0.7427196707112167,0.8000528832483642,0.6400846159940208
50.39731603986195,-3.6980616855810564,5.0237169753723245,1.6717233344502453,0.7630572508290363,0.8164279095608645,0.6665545315099232
50.8524332659368,-2.9797587717641787,4.891294593668225,1.6155426134591138,0.7751952716609998,0.8261489139733468,0.6825220280593404
51.31166046662429,-2.2586199644247786,4.743100955789794,1.5642835218310496,0.7862333725655456,0.8349560299827389,0.6971515720045364
51.775034757397876,-1.5388254249039344,4.563830424796039,1.5129585010207702,0.7972331809285632,0.8437018945778594,0.7118328869142693
52.24259358890546,-0.8270266273472802,4.424517281751129,1.467458520420224,0.8069263322085647,0.8513838660706348,0.7248544874053806
52.71437474999608,-0.09573029088274286,4.219829788642692,1.3990385161679515,0.8213695706805215,0.8627877238234822,0.7444026563805054
53.19041637077429,0.6621336327786667,3.924783629857673,1.3002265518380534,0.8418619336606946,0.8788821708740716,0.7724338702803208
53.67075692568173,1.456254662498364,3.7609903767941644,1.245737787652433,0.8529299812573691,0.8875340740234887,0.7877167325527314
54.155435236606706,2.2349086933644053,3.62820982129632,1.205711680853462,0.8609358405763732,0.8937747697093036,0.7988333389689187
54.644490476021936,2.98927618311161,3.5235160776938246,1.1811168417621938,0.8657977845856925,0.8975576496514058,0.8056097344477557
55.137962170150445,3.6886173322214946,3.50565593897607,1.1818608109597846,0.8656513877938287,0.8974438219711154,0.8054054135941231
55.63589020216014,4.362215971755295,3.4471845740196674,1.168575864442476,0.868259091384772,0.899470666190568,0.8090474793373043
56.138314815387226,5.00698878138057,3.3250201475428023,1.1350625978683488,0.8747743846596953,0.9045280581744021,0.8181710080247545
56.64527661658882,5.6088934963655595,3.3159355130885473,1.1429771863066736,0.8732440766999857,0.9033410297651931,0.8160250160572396
57.1568165792248,6.159396793120271,3.272196337095199,1.1422039764969314,0.8733938109804119,0.9034571985063431,0.8162349095329299
57.67297604676925,6.644925453339531,3.169197632336722,1.1237819931898245,0.8769463119702758,0.9062118867213593,0.8212199836350857
58.193796736052086,7.288840285065198,2.8128190572825176,1.0168121677112485,0.8969586835902993,0.921678228782659,0.8494907574119396
58.71932074063057,8.107436703902112,2.3036800844766194,0.8517637625494688,0.9254021495286502,0.9435129773631044,0.8902167384525899
59.24959053419133,9.14672944342094,1.6145032274195348,0.617166298784781,0.9593968090251849,0.9693903725708859,0.939717694433121
59.78464897398328,10.349463291527234,1.250620137090623,0.4720650724981764,0.9758376702396789,0.9818229610849848,0.9639763269136875
60.324539304281366,11.476703602003246,1.0469919695070562,0.3906431151778755,0.9833269224738861,0.987468947380631,0.9750949220410113
60.86930515988151,12.480898933780313,1.0056622562890851,0.3808458773507777,0.9841396510590841,0.988080998167333,0.9763040589393531
61.41899056962746,13.178852387387112,1.0708186305328127,0.4009485194377781,0.9824512682095661,0.9868093668835564,0.9737927265691254
61.97363995996914,13.825936167903237,1.138712400344133,0.4292445816227344,0.9799383844538962,0.9849157379228387,0.97005901080809
62.533298158553215,14.43949648136574,1.1975132288178028,0.4669578529785727,0.9763453609974121,0.982206039681672,0.9647287043871541
63.09801039784628,15.220464626982755,1.2023461736238517,0.47148011903240267,0.9758960715597365,0.9818670303983004,0.9640628653831769
63.66782231879057,16.00971582583512,1.3311629304915158,0.4862055398342407,0.9744060528160398,0.9807424641788481,0.9618557810435993
64.24277997449262,16.789581153830515,1.522296563403284,0.5207158424729134,0.9707538832651615,0.9779842312154323,0.9564531565060402
64.82292983394547,17.775118850851584,1.7134311248175216,0.5674077283371765,0.9654630761451031,0.9739838410072738,0.9486445225432822
65.40831878578436,18.868695378829,1.917331249476785,0.6192741555436293,0.9591303394130009,0.9691884315881875,0.9393262159243707
65.99899414207637,20.0879951776985,2.1392355151843496,0.6816264580851746,0.9509103490627635,0.9629520908745574,0.9272767293196819
66.59500364214404,20.930006257272783,2.3250352152706135,0.7441273574439742,0.9420408800001698,0.9562078662598692,0.9143334834972519
67.19639545642404,21.313833674704632,2.53494329045175,0.819218405371162,0.9306058781950499,0.9474893641404164,0.8977360951592106
67.80321819036027,21.096756660588152,2.7839652377519144,0.9123242637388634,0.9153471159582903,0.9358136230944581,0.8757471371691766
68.41552088833203,19.867822286275402,2.9722310639246885,0.9896633037430798,0.9018548037607327,0.9254489503473248,0.8564557596989651
69.0333530376182,18.231772024446528,3.207674003547069,1.0906557311458704,0.8832595877565051,0.9111004691956657,0.8301040649685621
69.65676457239668,16.1522422088217,3.519146849727715,1.2270575685749654,0.8566802272529719,0.8904592658519079,0.7929177041415189
70.28580587778012,14.174619523292204,3.826468520746218,1.3737174996506043,0.8266664392801572,0.8669573442461155,0.7516150367422775
70.92052779388827,12.124094364075432,4.19742276529206,1.5558266161941476,0.7880499089335138,0.8364024424904266,0.6995690458039515
71.56098161995689,9.953659874907839,4.660917941317162,1.7878085351988688,0.7379311750783245,0.7961811544412807,0.6339044306874505
72.20721911848372,7.295222820877293,5.301753414188497,2.1067477715489336,0.6697232751155657,0.7403235152150529,0.5480789071803728
72.85929251941222,4.797983707370225,5.780752531117794,2.306576366598117,0.628478693509782,0.7058589393652839,0.4982368422818834
73.5172545243528,2.6075746811093357,6.090531986739009,2.3568600562535997,0.6183531619167634,0.6973124823084987,0.48624469798324044
74.1811583108421,1.6641885355291903,4.659336900113199,1.7653926227623957,0.7427819475622467,0.8001031958905207,0.640165124074225
74.85105753664104,1.3025870529227053,4.2222514743768125,1.431615881824322,0.8145147223578482,0.8573816886948675,0.7351033601092627
75.52700634407155,1.6055320275521168,4.605398396973975,1.6561574390931608,0.7664233367652555,0.819127563388843,0.6709699651033431
76.20905936439239,2.0630631764268843,6.72685693878182,2.172014769972592,0.6560891411110247,0.7289909509071327,0.5314278065044856
76.8972717222144,2.6097408946709084,8.498454416408004,2.709177195213779,0.5508076926936676,0.6393666772510463,0.4087897479790436
77.59169903995598,3.264132569916193,9.880328074493564,3.176946951247608,0.471377143640215,0.5688874987813599,0.32363298626971176
78.29239744233854,4.299569772837726,10.301714274819714,3.3327930551627056,0.44759396872464235,0.5472215216203038,0.29945139372444063
78.99942356092234,5.513519583153367,10.411225150073022,3.383724602043721,0.4401065761943387,0.5403415863570126,0.2919690299468129
79.71283453868392,6.93224229332815,10.210704317977605,3.3275332230581025,0.448375147861405,0.5479376586908494,0.30023567781160976
80.43268803463428,8.535300803847084,9.847161637012025,3.214159749182889,0.465577696805372,0.5636300320207887,0.31767881299575523
81.15904222847887,10.186195781372875,9.4722588386897,3.1108893914047147,0.4818597781472372,0.5783496901597618,0.33448836410789246
81.89195582532001,11.878323924337513,9.107460018571004,3.0312623310385836,0.4948167581831941,0.5899745799576277,0.3480700049961793
82.63148806040144,13.232933891158206,8.535260220554303,2.8963633200976036,0.5175709446318275,0.6102073240167515,0.37235297828368474
83.37769870389562,14.183124674989278,7.879431314105053,2.741702111877396,0.5448954341848276,0.6342126155822544,0.40222564176368436
84.13064806573476,14.577729234446808,7.132366584916992,2.5631150828478555,0.5780510573012804,0.6629406502080241,0.43949030569823766
84.89039700048501,13.951153050656004,6.501218578425986,2.448118167283497,0.6002688179452033,0.6819606841702645,0.46507037475397517
85.65700691226475,12.934332196475376,6.076009798134921,2.377300203356174,0.6142692177000298,0.6938555466227289,0.4814355195791259
86.43053975970741,11.501320313600107,6.009386590833743,2.3541493920635475,0.6188961640816578,0.6977716866879248,0.4868853267433115
87.21105806096924,9.989815658654111,6.061928963715101,2.407670351219351,0.6082364739443276,0.6887384753094451,0.47436068737157905
87.99862489878193,8.462172262699987,6.20014433399999,2.5310567702431537,0.5841785606335859,0.6682042148693392,0.44649687276915
88.79330392555104,6.923942777127032,6.878374685760516,2.743286940659798,0.5446088096013301,0.6339623938830514,0.4019083168579292
89.59515936850067,5.202452335081379,8.376098155788029,3.1371684409856595,0.4776607151865061,0.5745656301218576,0.33012566331732723
90.40425603486429,3.3023284552690955,10.19008136033384,3.67195970010075,0.4002973223632931,0.5032537431378653,0.2532643299822725
91.22065931712247,1.1588010562697633,12.401691328557849,4.373218036481969,0.31999959046183657,0.4254632633720711,0.18101898847921233
92.04443519828821,-0.6459888786037238,10.924997248222436,3.9268669441912363,0.3685460824683661,0.4730083957076119,0.22373694240988876
92.87565025723973,-2.0153109931256203,7.839367751877139,2.846508597892505,0.526235432465292,0.6178528651768395,0.3817421630072298
93.71437167410124,-2.7672540055002863,6.112265617815445,2.2170781909574355,0.6467637946027938,0.7212059072860731,0.5201379607043279
94.56066723567295,-2.8098924444687543,6.690452105159954,2.5714796600832006,0.5764608867611306,0.6615724082601028,0.4376780513710721
95.4146053409095,-2.266953503506602,10.222130087521913,3.800989973852173,0.38383582420470386,0.48765101155869994,0.2378035090742233
96.27625500644788,-0.9391058504369663,11.54037154606618,4.096744602793938,0.3490629320579499,0.4541274974565342,0.20623178394613448
97.14568587218585,0.5298647491996894,9.616264875285996,3.3811881811145925,0.4404761671146204,0.5406818750487172,0.29233689000619667
98.02296820691015,1.7796931979830115,7.661383666436995,2.65575829377213,0.5606410504096183,0.6479084893026866,0.41978541051048957
98.90817291397563,2.6514291901089653,6.3191380431069835,2.1451477222878244,0.6616840023067835,0.7336484022180084,0.5382399780770366
99.80137153703589,3.183670783815333,5.463449853258749,1.8138100191512392,0.7323082393565999,0.7916267122210706,0.6266728515019419
100.70263626582567,3.575982289708508,4.746584959429214,1.5549816132092125,0.788231333624011,0.8365468556355979,0.699810641673806
101.61203994199519,3.814625941752217,4.150757980828071,1.3564607456890903,0.8302593936698325,0.8697818652300848,0.7565204930831254
102.52965606499727,3.8426927962007316,3.943634611881965,1.2831162985059315,0.8453571743967304,0.8816174590075861,0.7772493440269929
103.45555879802767,3.902607392556132,3.8694204737258726,1.265821390338699,0.8488721108508606,0.8843653107144102,0.7821020027949952
104.38982297401951,4.059529764998942,3.9267871132854935,1.296381425855164,0.8426489105656868,0.8794982866113285,0.7735172361522623
105.33252410169074,4.341417623167903,3.8751944146167565,1.2445831266569891,0.8531624756207652,0.8877155129845138,0.7880388319933586
106.28373837164712,4.700443968124743,3.8780791511221873,1.2423037655546567,0.8536211701701929,0.8880734426753171,0.7886744395851897
107.2435426625405,5.157836264316576,3.994115695771021,1.3850970207043964,0.8242895220253568,0.8650870971015716,0.748375685571624
108.21201454728156,5.948479699498554,4.198935573681075,1.5045909549674168,0.7990202987134833,0.8451199607700892,0.714227748092037
109.18923229930968,6.748337574592884,4.27266981652499,1.5311329605061281,0.7933451988468069,0.840614057459473,0.7066319935984782
110.17527489891953,7.487557263542394,4.11021862317106,1.4258241730475218,0.8157364943517836,0.8583460622829265,0.7367579626366056
111.17022203964366,7.8191438898323185,3.8211184205458864,1.28955983659995,0.844042943131246,0.8805893067326391,0.7754375271318701
112.1741541346938,7.911360029917661,3.544678609545559,1.169894289591764,0.8680009163027317,0.8992700668985082,0.8086866532196474
113.18715232346032,7.701112520633248,3.3188641127565743,1.0844211458376527,0.8844366373425511,0.9120109307728296,0.831763937849123
114.20929847806944,7.243218332624736,3.2576218300562108,1.0666810709101167,0.8877658316145886,0.9145844632101963,0.8364647403454829
115.24067521000048,6.711086278667953,3.2340261380852695,1.061586692324832,0.8887162975224854,0.9153187489632028,0.8378084122035625
116.28136587676305,6.113981452594729,3.2340261380852695,1.0616947860797494,0.8886961564722936,0.9153031909613337,0.8377799313839998
117.33145458863352,5.744099512993672,3.2340261380852775,1.0518959430114319,0.8905173196496072,0.9167095967062666,0.8403564846933661
118.39102621545317,5.407545972603828,3.3102808679772444,1.0768718732285603,0.8858570240762834,0.9131092132527006,0.8337684353269659
119.46016639348794,5.07135221596699,3.515365957318221,1.1721737526147293,0.8675542261653925,0.898922958179183,0.8080624847416131
120.53896153234894,4.407101891039234,4.048349327680161,1.3475899597360261,0.8321006917602869,0.8712281759900186,0.7590385346388947
121.6274988219766,3.9101619729463515,4.324093556694234,1.426585907142882,0.815575878977811,0.858219305387662,0.736540376140081
122.72586623968783,3.781164108056927,4.078723811129027,1.3948476495846527,0.8222482119139148,0.8634798418187593,0.7455974372273495
123.83415255728582,4.749817493307952,3.2174292404645186,1.082181522806448,0.8848585788787788,0.9123372336983355,0.8323592279923313
124.95244734823497,5.761954813718091,2.553822756446098,0.8429169211757582,0.9268309271237053,0.9446053215409452,0.8922792134834726
126.08084099490085,6.564223524352668,2.8443323024560137,1.003246810603859,0.8994150058209353,0.9235705940657889,0.8529826422230342
127.21942469585424,6.736223881675445,4.1323532938743845,1.5127305173746979,0.7972818981761949,0.8437405619224517,0.7118981358332147
128.36829047324233,6.531542910230411,5.7439637654903075,2.1505629386975307,0.6605542909825539,0.7327087679902134,0.5368621386897364
129.52753118022648,5.841839400180767,7.921026676116474,2.8947199190483084,0.5178543697857122,0.6104579219358908,0.3726588744542861
130.69724050848598,4.387084119669948,10.077216313282605,3.712332658163249,0.3950588884821639,0.49830630023295464,0.2483091688518555
131.8775129957909,2.739152259852424,10.97857415928873,4.249677406158222,0.33259720878648047,0.4379645411018608,0.1918129392625635
133.06844403364263,0.9623641544156989,11.281488157513538,4.549945688451315,0.3030098394816061,0.4084064088036151,0.1667957947518656
134.27012987498347,0.4759055295975253,10.240086935108923,3.8862649244259244,0.3733966493683898,0.47766983069729657,0.22816846715838396
135.48266764197643,0.7213877529975989,8.124191427499948,3.174949809079138,0.47169054118570086,0.5691711460720572,0.32395579352097914
136.70615533385407,1.895752604788109,5.85808670185107,2.1999940015754516,0.6502902574517049,0.7241531691443327,0.5243978123817805
137.9406918348392,2.9444767907134066,5.337110915076189,1.9560257601286166,0.7016976606556236,0.76667715306539,0.5877938570324514
139.18637692213758,3.829271879397796,4.981120266047505,1.808284038844774,0.7335028386860794,0.7925950381119473,0.6282068944396793
140.44331127400085,4.4587665830562555,4.417884101271999,1.6560015135901738,0.7664570454925587,0.8191545833083871,0.6710142313551374
141.71159647786422,4.951473998326506,3.5393495485897764,1.503989256718184,0.7991487336753721,0.8452218425082945,0.714399963053116
142.99133503855725,5.399484884104234,4.029593290052941,1.5221035592886243,0.7952778700937061,0.8421494575614655,0.7092157088710708
144.28263038658758,5.8075941794303,4.585525156598016,1.6870333231686954,0.7597449038770336,0.8137684473763814,0.6622190859453664
145.5855868865008,6.384964856922401,4.959971135640734,1.8109651974108179,0.7329231981516438,0.7921252386951847,0.6274623937779034
146.90030984531586,6.863812019738105,5.128501927274202,1.8574955258119776,0.7228747497939353,0.783966114025085,0.6146028679395925
148.2269055210351,7.113563566524552,4.979479859056315,1.7800853737189422,0.7396021832773998,0.7975329563284042,0.6360588164299242
149.56548113123281,7.007571840171586,4.555059263083183,1.6044739534501078,0.7775823581689207,0.8280561729053169,0.6856770254866001
150.9161448617211,6.97341712011767,4.12944518678365,1.445788219526303,0.8115197152675656,0.8550161271090462,0.7310525776165527
152.27900587529274,7.180066291595016,3.786680273536076,1.3384609020947826,0.8339914462975806,0.8727125016282667,0.7616271104982675
153.65417432054437,7.614717571376283,3.7363723117091183,1.3487647290215132,0.8318570724604832,0.8710368628152134,0.7587052163829688
155.04176134077926,7.948213242428592,3.6577018595690083,1.3547446745639398,0.8306159016352023,0.870061959190703,0.7570078128307646
156.44187908298926,8.023572762002985,3.4620543815103186,1.310813108926062,0.8396908029426494,0.8771816688666618,0.769447680195702
157.85464070691907,7.5784028900388885,3.1381316839166233,1.148843400411997,0.8721064463708982,0.9024582563038442,0.814430904370975
159.28016039421257,6.953449859069926,2.556236674942668,0.911975724662941,0.9154063136731327,0.9358590137275944,0.8758320935751858
160.71855335764013,6.163720789878707,1.5890894668561018,0.5876093187389022,0.9630525209098174,0.9721593988618955,0.9450938967955219
162.16993585041075,5.81785297219341,1.4528446985187777,0.530517568519374,0.9696761902340968,0.9771698282533883,0.9548608732487562
163.63442517556842,5.689978410116206,2.629446974328264,0.886923663487029,0.91962163720212,0.9390892859538115,0.8818886869932395
165.1121396954717,5.82259904476057,4.0574769053345525,1.3133827762866388,0.839162848688159,0.8767679914157879,0.7687221107712751
166.60319884136038,5.847416311897238,4.778786832934024,1.5307209804911635,0.7934334236703803,0.8406841675415776,0.7067498695550752
168.10772312300872,5.6958099363384385,5.204025318702481,1.6593415030904066,0.7657349454863531,0.8185757042762082,0.6700661836312902
169.62583413846414,5.247935940007414,5.31080534839975,1.6932802991914386,0.7583929980638332,0.8126821783158301,0.6604523229521626
171.15765458387557,4.408067993901199,5.155918492459726,1.6444344306421133,0.768957060169162,0.8211576942305892,0.6742999587940978
172.70330826341038,3.539103696666206,4.707862073262374,1.5127859121194231,0.7972700611412086,0.8437311668090902,0.7118822818450288
174.26292009925945,2.7512012674005755,3.7928642995533726,1.2502376956862282,0.85202306710933,0.8868261985912759,0.786460706507853
175.83661614173417,2.135749699450288,1.8192205589834303,0.6993043373136556,0.9484639911912877,0.9610934899563389,0.9237006964364554
177.42452357945402,1.525223738555189,1.4758793894986484,0.5184205863119472,0.9710036825760273,0.9781729700404771,0.9568223593178081
179.02677074962585,0.8626968172246994,3.5272889980586446,1.3047561932511575,0.8409337608867504,0.878155329323377,0.7711567824190487
180.64348714841708,0.7836351902563881,6.628004866250846,2.39198534584009,0.611346846297108,0.6913783202826331,0.47800398175683534
182.27480344142063,1.311900691029114,8.3268670433713,3.0634411665722907,0.4895382472520858,0.5852480447257206,0.342515273855279
183.92085147421614,2.8035572896464083,7.244595095963879,2.7004527021509444,0.5524032833858915,0.6407552724530823,0.41056731917642375
185.5817642830265,4.508825444120741,5.778245881118353,2.1689977994699503,0.656716130414021,0.7295133817648615,0.5321897741740045
187.25767610546885,6.040159052293308,4.615458122487148,1.7371890956665295,0.7488875304378613,0.8050307127742466,0.6480744485098116
188.94872239140452,7.151894523044482,4.106461545295652,1.551406079717334,0.7889988436537182,0.8371576978708261,0.7008330111043813
190.65503981388682,7.33740551965798,3.742046875577424,1.4589240581699665,0.8087372807352569,0.8528165063620776,0.7272959935236195
192.3767662802061,7.053932030349021,3.628253646049786,1.4203118251586757,0.8168981236256697,0.8592626289761928,0.7383322655550784
194.1140409430361,6.200137972106648,3.4389445854734326,1.4662024416707384,0.8071930153508821,0.8515948893733553,0.7252138556068173
195.86700421168118,4.786643221672539,5.3207489365017455,1.9846514643556323,0.6955800521425582,0.7616585806583277,0.5801237934904583
197.63579776342317,3.274509886251098,7.8359996346762415,2.7866919402346833,0.5368118112095127,0.6271429537491721,0.3933082844372361
199.42056455497266,1.7851753785072548,10.880329027279334,3.867011337635142,0.3757236329871123,0.47990070149016123,0.23030468329074882
201.22144883402342,1.0713091487791675,12.29026738656231,4.308563888908749,0.3265161266590693,0.43194502567349663,0.18657650520407768
203.03859615090968,0.24190649056708205,13.058072911581688,4.55493990909953,0.30254666054139945,0.40793810367637284,0.16641349643107511
204.87215337037023,-1.1296179966758675,13.191975589303649,4.589408151974606,0.29937463447579876,0.4047261356692686,0.16380324489377923
206.72226868341895,-2.1976983633823415,9.150875034396963,3.1250120435978332,0.47959840929175906,0.5763128465094239,0.33213649705179477
208.5890916193206,-2.861431134491152,4.560111112491875,1.5820014261186992,0.7824230564445551,0.8319193575595978,0.6920898174823739
210.47277305767656,-2.8311572986123634,4.111960444221904,1.4560784934065845,0.809340539530104,0.8532935658925452,0.7281099095936153
212.37346524061994,-1.8825782580957418,6.595235144308435,2.3922931754646357,0.6112856935085383,0.6913264509045874,0.47793226172033304
214.29132178511858,-0.565959110774493,8.743695098030607,2.9723486720492156,0.5046297925239791,0.5987281330108202,0.3584753772586224
216.22649769539137,1.1173725141015298,7.435616355900697,2.4423961862127532,0.6013912532962143,0.6829168532833708,0.46637542849846103
218.17914937543662,2.221993274458823,6.761378356820751,2.3565497996426066,0.6184152960936338,0.6973650328519381,0.4863179890445847
220.14943464167143,3.0193196940573817,6.369331695283474,2.382278429941755,0.6132774353054257,0.6930151666962517,0.4802700212710336
222.1375127356875,3.431653279158347,6.790452717052991,2.3438599581494137,0.6209603294925,0.6995163855028924,0.4893231735870312
224.14354433712177,3.072420543639778,6.629830730448454,2.2194222136900033,0.6462808172118631,0.7208019437274743,0.5195554420813051
226.16769157664163,2.349013247372712,6.217806003821472,2.1254541094415074,0.6658008704917779,0.7370692090154597,0.5432710188786755
228.21011804904916,1.206927962971501,6.068549020223758,2.1275990385791252,0.6653518491573616,0.7366963636319476,0.5427215321885347
230.27098882650404,1.3416011099053555,6.47808453918591,2.093016092704123,0.6726097284297698,0.742715279284819,0.5516259860831266
232.35047047186245,1.9414038630281745,6.424226330154103,2.4687092402005018,0.5962426650447055,0.6785272394089086,0.4603992146198743
234.44873105214194,2.944219812197201,9.246263115265936,3.1311552355353083,0.4786181818550721,0.5754291976550844,0.3311187615139741
236.56594015210345,2.942581967551706,11.15582625552185,3.7598659595540567,0.3889941952923232,0.4925579584302803,0.24261334241300572
238.70226888795605,2.508521308886546,12.515533591191598,4.2937899978438026,0.3280285940720791,0.433444779843971,0.18787437717398847
240.85788992118992,1.619993991279348,13.130136329348895,4.654518365313985,0.2934986027500474,0.3987535188262498,0.15900436877631638
243.0329774725284,0.8444658265639633,13.923376785180047,5.229194739886331,0.24763046788576784,0.35103713279651416,0.1232270686019975
245.22770733600981,0.7030757986253567,13.926195669497286,5.50365468632841,0.22906466715575688,0.33110716506648685,0.10963195475836576
247.44225689319626,1.8625799405716772,12.157747655495164,4.933220758470477,0.2699729995807413,0.3745331376462206,0.1402750711951228
249.67680512750817,2.84304099248263,10.075109766025292,4.166000140111576,0.3414839588794228,0.44671211485463663,0.19955171355790208
251.93153263869095,3.3009777660915627,7.453847916758956,3.145723452229685,0.4763019651766328,0.5733393899992303,0.3287180561246895
254.20662165741206,2.719046780323797,3.946447327148233,1.699209881244865,0.7571096240111134,0.8116505271816458,0.6587765782742434
256.50225605998764,1.2434913752244712,2.7071806654278676,0.9806048441906747,0.9034706045883785,0.9266922268708404,0.8587584833428371
258.8186213832444,-0.35665014276626755,7.544407921343971,3.0643844597567775,0.4893843796033246,0.5851100765288213,0.3423538016555632
261.15590483951604,-1.7897168701134418,15.758102725476098,5.74313665402865,0.2143693253312077,0.31504455707504214,0.09925307294260947
263.51429533177196,-1.9845792194247127,18.63096752700847,6.667268076304901,0.16837390446824382,0.2628488536184733,0.06908951984854562
265.8939834688861,-1.660526520447163,18.169707284717347,6.606670098862406,0.17094637307847968,0.2658550523909176,0.07067890888177755
268.2951615810427,-0.8184153072661997,15.179719363343349,5.571486024293236,0.22476704851515733,0.3264370782436417,0.10656116605224546
270.718023735279,-0.09212159951111518,14.352852574767585,4.771388426972443,0.28332047485572737,0.3883367313064387,0.15080541688176916
273.16276575117126,0.823834105584658,12.521162134327747,4.133206508849921,0.3450470937351146,0.45020341016294774,0.20268311052234736
275.6295852166618,2.2189825016697085,9.917570329892694,3.7057234872113085,0.39591091655918015,0.4991121103556138,0.24911289870363443
278.11868150402654,3.6990399369076385,9.874951591507012,3.5324455648169084,0.4190300803510009,0.5208154992232811,0.27124878423119547
280.63025578598985,4.909416930207262,9.472732406802702,3.4389461048808947,0.4321448484756936,0.5329936134516526,0.28408219198024975
283.1645110519841,5.4728329751278135,8.512106068263776,3.325309749592691,0.448705821787463,0.5482407062610059,0.30056787200156654
285.7216521245541,4.650933755040322,7.5289292341369105,3.243254768540677,0.4610962467417467,0.5595561718827826,0.3131031094921142
288.30188567591193,3.158196434708004,7.568908944221548,3.268948592617169,0.4571771114372297,0.55598536440482,0.30911972543236055
290.9054202446415,0.8940565333182402,9.252478244258304,3.4527081305497833,0.4301857840023969,0.5311803990719355,0.2821526163582207
293.53246625255116,0.302942310884532,7.335512080122909,2.677731982564691,0.5565777149800261,0.6443834238845645,0.41522999697719426
296.1832360216812,0.28210186151270966,5.483931217025479,1.9817755045921654,0.6961938382475703,0.7621625958746274,0.5808918225503507
298.85794379146483,0.6441615017773897,1.927278507676392,0.6553725862957454,0.9544501167203264,0.9656392866604324,0.9324592319420688
301.5568057360419,1.1279462553428927,3.1924115958472776,1.106815164716485,0.8801921721823994,0.9087263607495605,0.8257835987211403
304.2800399817309,1.9384508004791299,5.266903804957339,1.7329820523907873,0.7497983795963375,0.8057649519892172,0.6492571578541855
307.0278666246599,3.431333792990489,5.139656714529561,1.670515514237069,0.7633185031638215,0.8166375444574944,0.6668968790175661
309.80050774855147,4.630139016373601,5.897708802184823,1.9452009474495813,0.7040156498709131,0.7685758517326676,0.5907088398665954
312.59818744267574,5.411957317738432,6.771651520519383,2.433369565830131,0.6031651111764011,0.6844270407141362,0.46844037406070976
315.4211318199601,5.395061433888938,8.354685143327815,3.0679997145393814,0.4887951253534983,0.5845816107686701,0.34173565964889285
318.26956903526207,4.827135666313474,8.376304467220839,2.8981676636710514,0.5172599350667086,0.6099322971219725,0.3720174070724861
321.14372930381285,4.122984181640723,8.266425304714655,2.9291077601719886,0.5119549364410166,0.605234674494833,0.36630901121086645
324.04384491982063,3.4216286968614513,7.679203073105794,2.7094109428923567,0.5507649996350492,0.6393295089472943,0.40874222101078855
326.97015027524617,2.38357461129871,7.008785657689809,2.491515275576999,0.5918074762092259,0.6747382577733503,0.4552717165030161
329.9228818787476,0.8078843156244115,7.697502070491078,2.6846852765096934,0.555297272606292,0.6432712701103893,0.41379792694943346
332.90227837479335,-1.836861494855966,9.050566495577492,2.9545629862200773,0.5076301767915408,0.6013960531473899,0.36167721274125814
335.90858056295116,-3.9906111652909386,9.377625241340967,3.5711475624724294,0.4137342311985681,0.5158709721753838,0.2661228599331756
338.9420314173505,-5.490761930029495,12.908385075123721,4.837646541190257,0.2777535681467742,0.3825997968498166,0.14638260454952093
342.00287610631824,-5.731781657141798,13.907091663459994,5.082379099974602,0.2583936498779257,0.3624193502121514,0.13134778540819803
345.0913620121946,-5.866600347660864,13.793562606964688,4.829481900870439,0.27843178800208945,0.38330025857315375,0.1469190882222465
348.20773875132807,-5.72985851847855,12.422705977949256,4.16684794476574,0.3413924483708127,0.44662232976827343,0.1994715054476404
351.35225819424755,-5.00566202856582,8.718151797593874,2.8826019075930778,0.5199488859058152,0.612308782936104,0.374922045660693
354.52517448602,-4.059132496404427,4.292032900999497,1.6556348430077141,0.76653631328347,0.8192181208561474,0.6711183295390774
357.7267440667921,-2.980767002427999,3.869682092083059,1.2368143863721373,0.8547244082157943,0.8889341273499866,0.7902038827674821
360.9572256925139,-1.723478534477186,3.2605561158237584,1.128437223200371,0.8760513350086739,0.9055181650035787,0.8199631471514484
364.2168804558528,-1.3321676163062024,4.24770258226174,1.494567966126119,0.8011584105865898,0.8468154971242045,0.7170964861697134
367.5059718072969,-1.4329765816635531,5.219301371610726,1.993888023660294,0.6936101079692035,0.7600401939537251,0.5776610964252161
370.824765576445,-2.1782686074337505,7.181096009628115,2.703200084735787,0.5519003841048851,0.640317722488437,0.410006785732779
374.17352999349254,-2.687049368609835,4.941556956883886,2.1948697881553247,0.6513501256675531,0.7250381785619947,0.525680360372495
377.5525357109117,-3.300129839334336,5.855708416820751,1.9042765182852168,0.7127996368992068,0.7757568200236138,0.6017986438131495
380.9620558253235,-4.328423824800675,4.908538774899409,2.044773795298999,0.6827958278195475,0.7511352510246432,0.5642041653318537
384.40236589957107,-4.48969126021669,6.347124768517576,2.2497541630046127,0.6400503486267549,0.7155839709917797,0.5120604195403642
387.87374398499225,-4.2506399374721076,7.231445006635172,2.6376478354134236,0.5640092145027434,0.650825633077735,0.4235740046710345
391.37647064388995,-3.5985149404416967,5.619973955133772,2.0675765319099706,0.6779726023002633,0.7471522487090232,0.55823648275095
394.9108289722086,-3.835566245752194,4.636872077782028,1.8264229890631396,0.729582574798927,0.7894158457490063,0.6231773775196188
398.4771046224157,-4.397640498524518,4.646683635714117,1.6778406827983448,0.761733917039286,0.8153657602070022,0.6648213229179426
402.0755858265864,-5.164445682158414,4.4256934379873165,1.4591138644394732,0.8086970319953287,0.8527846743282469,0.7272417007691342
405.7065634196999,-5.417577405295272,5.505799283226555,1.9767669113878612,0.6972632266991294,0.7630404672079439,0.5822307545969173
409.37033086314693,-5.5928134875492885,7.283312442565571,2.7894861238963755,0.536313397726591,0.6267061906387947,0.3927606493849894
413.0671842684432,-5.932814078113271,7.5511107646979765,2.9927044857728164,0.5012173974925882,0.5956890306925762,0.35484542128746094
416.79742242116725,-5.953176213000781,6.650220524425043,2.3893511120075974,0.6118703360614302,0.6918222876684231,0.47861807771477033
420.56134680510576,-5.778875635319004,6.38832544411322,2.102688901580843,0.6705758448412495,0.7410302366201273,0.549125811585282
424.35926162661787,-5.334520606425806,8.615057615766439,2.932312934567905,0.511408409407584,0.6047500303690914,0.3657225992314169
428.191473839227,-5.8515913277118115,8.461929935629446,3.350958810284535,0.444907478921185,0.5447563229120204,0.29675945135262544
432.0582931684245,-6.720945375084099,8.161430972289612,3.5703824066983243,0.41383818745493417,0.515968183730816,0.2662231666224771
435.96003213670394,-7.796408565538636,8.950733050749182,3.368250454400324,0.44236671627584806,0.5424214213227914,0.29422099830983717
439.8970060888213,-7.352798840634366,10.638092434955304,3.9839975678618775,0.3618492432843413,0.4665473764180393,0.21766645444255567
443.8695332172784,-6.167544491990239,12.838854482909166,4.557977501902144,0.3022653893419992,0.40765363207108535,0.16618148374074784
447.8779345880415,-4.180788040496729,10.44341341032096,3.639676615137203,0.4045444571212528,0.5072530783328338,0.2573056854781361
451.92253416649163,-4.028012017439679,7.56200326085258,2.912904336622131,0.5147265651084629,0.6076904860446788,0.36928772682921795
456.0036588436052,-4.290275933819318,6.6638935041152205,2.420947194923084,0.6056126027875675,0.6865089099896649,0.4712944834951978
460.1216384623752,-4.241018074640202,5.829863424824257,2.1345677530000575,0.6638940732821095,0.735485463813356,0.5409388674807475
464.2768058444711,-3.277512305813917,5.338291221460682,1.7782300425411095,0.7400036554285462,0.797857622978424,0.636576786544781
468.46949681713517,-2.511306612393039,4.951403189722126,1.6372301634594537,0.7705134694681288,0.822403928695006,0.6763482219329805
472.7000502403261,-2.9916704277075756,6.270113972944225,2.2050097404050097,0.6492537786594323,0.7232873415021865,0.5231445783773007
476.96880803410744,-4.371328413266595,6.0914952813831995,2.049279261480497,0.6818416593035296,0.7503478616836224,0.5630219135331846
481.27611520627937,-5.9887527745174145,4.8739577694986504,1.7938864316397296,0.7366163844011819,0.7951169852045747,0.632211020160812
485.6223198802642,-7.527028405186453,5.797598782995447,2.0689899518720987,0.6776741315537681,0.7469055403286516,0.557867886173635
490.0077733232437,-7.537514159501055,5.161129753041654,1.8224753463297818,0.7304355048645169,0.790107903974827,0.6242704999234944
494.43282997454634,-7.149906283303558,7.653701415773648,2.675179346720652,0.5570484268702927,0.6447921092447747,0.41575686414432556
498.8978474742946,-6.927819567993099,9.40742337033188,3.4851390435612766,0.42560850122253496,0.5269358182507498,0.2776613565555871
503.4031866923122,-6.151883010172614,9.570039153040176,3.4101655426706574,0.4362741810467976,0.5368088089998152,0.2881636974198
507.94921175728655,-5.2944659217697865,9.26561025432699,3.202735947818415,0.46734995702097265,0.5652383960094166,0.31949444432329804
512.5362900862001,-4.675980241425106,8.430933219546706,3.406260181382137,0.43683789038260884,0.5373289325293157,0.2887223817330939
517.164792414027,-4.522418529746695,9.833141066462387,3.9690199405240305,0.36359053964815796,0.46823021028516665,0.21923952982369138
521.8350928236933,-4.4670499989113175,10.101838740195449,4.166844821849375,0.34139278539694684,0.4466226604508487,0.19947180082819407
526.5475687763126,-4.2877560955005825,8.845504700769258,3.4552303813763343,0.4298278155138898,0.530848858078498,0.28180051012324536
531.3026011416947,-4.530105504588798,7.928772247300889,2.7404290436212353,0.5451257737200382,0.6344136768944212,0.4024807134306991
536.1005742291247,-4.5464812966175385,5.915416998536398,2.1917762965357626,0.6519904422689373,0.7255726802133095,0.5264557142719254
540.9418758184253,-3.5590491303131335,4.4499346700809035,1.55141652780406,0.7889966013073078,0.8371559134592511,0.7008300234397932
545.8268971912998,-3.728163957101936,6.956184053006101,2.4459636654651327,0.6006912653855315,0.6823206069256357,0.46556141063536777
550.7560331629503,-4.2095349547651475,10.956442081174982,3.875015252364839,0.3747541736592577,0.47897170530568584,0.22941389448343674
555.7296821139942,-4.5474776659847445,10.943292462903424,4.369413292142829,0.32037850208191515,0.4258410508664202,0.1813406006030171
560.7482460226586,-4.596826352381597,8.236848811684805,3.3060138996413713,0.4515866971727592,0.5508785408365449,0.3034671667542008
565.8121304972661,-4.523709544023978,5.928620233394186,2.2808613746681203,0.6336988987408712,0.710251589462538,0.5044573203340615
570.921744809023,-4.361647713027245,7.215198177242746,2.7215385013322564,0.5485539813622554,0.6374036243760272,0.40628338036769546
576.0775019250921,-3.409250820930735,6.348356662824231,2.661746799102599,0.5595311270518705,0.646946233408247,0.41853942892111795
581.2798185419706,-2.494527025424509,5.961982689685551,2.0724077099091005,0.6769526504871851,0.7463090700709771,0.5569772280702067
586.5291151191706,-2.4236557983852167,3.950830566756188,1.3129076890098013,0.8392604861929815,0.8768444999809745,0.7688562771468852
591.8258159131977,-2.7286802498434053,6.084929635108819,1.9792480464209257,0.696733405645966,0.7626055740791037,0.5815672616165193
597.170349011842,-2.856975562485768,8.114734009642097,3.045444564557068,0.49248326632550904,0.5878866645865463,0.3456107303986944
602.5631463687777,-2.110562241858375,9.135247097539054,3.363060154096722,0.4431276746924321,0.5431210752082517,0.29498050233536743
608.0046438384719,-2.260457397330056,6.362912644326042,2.66030478931938,0.5597982188434855,0.6471778340894256,0.41883914893668006
613.4952812114125,-2.641661241992978,5.721593884428522,2.0341173139037747,0.6850548977111117,0.7529983623900621,0.5670065337621153
619.035502249654,-2.8391834063530657,4.742453248080401,1.6680736038795472,0.7638466590867172,0.8170612941708004,0.6675891584320633
624.6257547226801,-2.5545517036662506,7.168134642983681,2.3872691136852136,0.6122843081945104,0.6921733068108964,0.47910388666153136
630.2664904435946,-2.010902316189272,9.768524719686047,3.4482696628754863,0.4308165228603197,0.5317644050370512,0.2827733824644091
635.9581653056397,-1.1693646903809554,9.522251523837776,3.523268521938541,0.42029715697225867,0.5219961973182415,0.27248003001470456
641.701239319038,-0.5868413457099279,6.695353436593392,2.4841982787866006,0.5932276698789762,0.675952299348699,0.45691151099479327
647.4961766481737,-0.26462198545694254,4.242380254050296,1.3638308812723998,0.8287266358931694,0.8685772963814921,0.7544265197893822
653.3434456491083,-0.46772812529408325,4.604462108741757,1.87195650739389,0.7197569429416455,0.7814287708586116,0.6106309239256006
659.2435189074306,-1.9899934634474519,6.989073161233234,2.7341644630143014,0.5462605177285281,0.6354038749324092,0.4037380842791207
665.1968732764535,-3.8300235170767722,8.048098482479915,3.1790553873399316,0.47104651969750166,0.5685882092542249,0.3232925517029263
671.2039899157561,-5.279827008765388,6.031157781484929,2.4557686209735823,0.5987705436539952,0.6806836522139732,0.46333023439135324
677.2653543300677,-6.041078500234366,5.225688703518339,1.7376043256066118,0.748797631160035,0.8049582324990481,0.6479577560679916
683.381456408509,-6.178762433604804,5.331113861310777,1.8748972282393537,0.7191232669779258,0.780912735047956,0.6098246997600791
689.5527904641884,-5.116361387901806,3.1708155055730343,1.1764461191001578,0.8667159017481587,0.8982714022557612,0.8068915121105316
695.779855274148,-4.205716238730349,1.9333512408296802,0.6889245549334807,0.9499064669034311,0.9621895441877835,0.9258087189442945
702.0631541196784,-3.6543105184012274,3.945128284439023,1.4510788961830583,0.8103997729104121,0.8541309969873306,0.7295397600145713
708.4031948269968,-4.060803391431469,4.9117436970879265,1.6820475531209567,0.760823733887374,0.8146349508048838,0.6636301030728754
714.8004898082854,-4.01818646180519,3.1561623705433735,1.1568518969390145,0.8705487851555531,0.9012490819755556,0.8122499077617817
721.2555561031085,-3.8607332358715043,2.6944696862278033,0.9554651077173191,0.9079066345702971,0.9301026726095287,0.8650909815953881
727.7689154202023,-3.8344489098723886,4.365262315420418,1.412440216839966,0.8185548286949919,0.8605692645348789,0.7405794590621024
734.3410941796333,-3.6884193025824867,2.267794793352822,0.731835150191906,0.9438332501921033,0.9575720357107195,0.9169442035751715
740.9726235553528,-3.3782126790933633,1.0036598675535053,0.3519584007352124,0.9864230143764557,0.9897998809040722,0.9797038042377156
747.664039518124,-2.6788644301851963,3.4850183604654257,1.4925783032310767,0.8015825026111886,0.847151670285623,0.7176659524677208
754.4158828788345,-2.738178623050982,4.856879544112596,1.6544589935534761,0.7667905035856117,0.8194218574576384,0.6714521804793262
761.2286993322158,-2.9050634889486786,5.920490398131234,2.13230706942738,0.6643668040691517,0.7358782098462607,0.5415167397265374
768.1030395009387,-2.5495206820224654,6.766414839629379,2.9603844141942655,0.5066461880783609,0.6005215329902949,0.3606261115850138
775.0394589801188,-2.0714723831160353,8.121237457769624,3.21184129349102,0.46593679751275385,0.5639560470505122,0.3180464230048395
782.0385183822224,-1.7115512535372033,7.871591667116912,3.002195926608976,0.49963414617884794,0.5942772206717205,0.35316541500930476
789.1007833823722,-1.8798445814065583,5.850987686444491,2.354801136839877,0.6187655761290524,0.6976612606769418,0.48673123464933965
796.2268247640676,-3.1194535135868753,4.997579144177446,1.8347105766490637,0.7277924504739101,0.7879627000536984,0.6208852166759147
803.4172184653193,-4.716670260982119,4.534751945791056,1.5169231274796895,0.7963857695634321,0.8430292015420155,0.7106982346525683
810.6725456251922,-6.21202418125231,4.682776091937874,1.9531210662026741,0.7023194232024194,0.7671866014934285,0.5885752815110368
817.9933926307771,-5.73327838342281,5.415341653005776,2.171012752402118,0.6562973450330905,0.7291644480118477,0.5316807922444224
825.380351164585,-4.618957161959564,5.992826087133691,2.442700422062021,0.6013315343519795,0.6828659917441869,0.46630596268077196
832.834018252364,-3.7962464726647007,7.309664692451269,2.742492976780007,0.5447523851282355,0.6340877386497342,0.4020672603059336
840.3549963113533,-2.904802768385659,8.834657300413781,3.332149385654659,0.44768948512560425,0.5473091019494414,0.29954725307670405
847.9438931989744,-2.0489533948786383,9.380022395212915,3.668634465183208,0.4007323813653293,0.5036639045248876,0.2536773287212551
855.6013222619544,-1.3986026471973927,8.353548066431006,3.6604875794234717,0.4018006146469093,0.5046705329333661,0.2546923468112477
863.3279023858998,-1.508277315068919,6.742862889402777,2.7167496988960207,0.549426099437296,0.6381635051366492,0.4072526592882941
871.1242580453186,-1.939818188082004,5.679708522673216,2.096528878680271,0.6718707616350671,0.7421032036848814,0.5507171649193646
878.9910193540858,-2.5003409099684397,7.359024227380209,2.8997567114512983,0.5169861846609775,0.6096901844278522,0.37172212098766844
886.9288221163733,-2.274025828550545,8.49202509122562,3.7198973537589426,0.3940863175551999,0.49738595482639847,0.24739278805856812
894.938307878039,-1.5587224491517924,10.161533526577507,4.044056372507552,0.3549680867863638,0.4598773100104153,0.21148714026241563
903.0201239784723,-0.18203580546399417,6.797406704457772,3.0396116648154403,0.4934416377808822,0.5887444757512902,0.3466200577276615
911.1749236029153,-0.017104658350506074,6.083135097264988,2.5433421652484505,0.5818242235926044,0.6661834648430031,0.44380040883022864
919.4033658352581,-0.25479433117717887,5.484147038781706,2.1510167946078713,0.6604596545687769,0.7326300361891791,0.5367467699265579
927.7061157113003,-0.2864748719330811,4.081409484063062,1.44033837684462,0.8126722960217706,0.8559267337109935,0.7326105734811699
936.0838442725039,-0.164770980852112,4.096914182903068,1.5656849069876075,0.7859322165613545,0.8347161545795466,0.6967510587160655
944.5372286202303,-0.18594587857868966,4.930327173859823,1.9460186971135058,0.703840455499291,0.7684324021314647,0.590488356645533
953.0669519704591,-0.918254412574545,6.023145388925556,2.1286468978241024,0.6651325450724243,0.7365142413689971,0.5424532277393495
961.6737037090096,-1.4363174375446586,5.0532409711041755,1.6954141445587974,0.7579311736049184,0.8123109871087305,0.6598491397775601
970.358179447262,-1.9368354708504643,3.491705265926275,1.3107198301935836,0.8397099606769967,0.8771966786465137,0.7694740130284752
979.1210810783673,-2.6714383205479546,5.616727279296028,2.348315773654184,0.620065870070578,0.6987605380051465,0.48826628947324174
987.9631168339874,-3.267250545074274,8.11339785945442,3.3663357118971358,0.4426472719246746,0.5426794097638455,0.29450094178163577
996.8850013415306,-3.631849525609562,10.287464736798444,3.8286251915250253,0.38041503594355086,0.4843878661660697,0.23463160488891824
1005.8874556819022,-3.359490354881014,6.733880988279617,2.412438675705783,0.6072931713876071,0.6879372062026899,0.4732575996779624
1014.9712074477967,-3.898063051892592,3.914554128509633,1.3783147710439938,0.8257068898092954,0.8662024969632435,0.7503067657453578
1024.136990802492,-4.620120432491817,3.8256245848902584,1.3232219429505547,0.8371379462206946,0.8751807794929243,0.7659413967938427
1033.3855465391896,-4.839884708810352,2.524773426135157,0.8743368744252942,0.9217094871731232,0.9406878686428346,0.8848936662117989
1042.7176221408895,-4.357842803567052,2.382011904082009,0.8082580014983509,0.9323254966689489,0.9488021735154336,0.900225564467611
1052.1339718407978,-3.593510209307069,2.9791626471299275,1.0657667075355897,0.8879366108660313,0.9147164137952378,0.8367061176664207
1061.6353566832863,-2.823393917894835,5.3931939692843605,1.9740686501667248,0.6978395720457792,0.7635134550796315,0.5829527960876365
1071.2225445854062,-1.9662188788470039,5.842526282342574,2.1369605682480715,0.6633939003170233,0.7350698426155814,0.5403276735228956
1080.8963103989456,-1.0114779168076877,4.620435988516021,1.6861381885428401,0.7599386043021573,0.8139240478981457,0.6624723557469029
1090.6574359730566,0.17613578400718174,3.7905037696040114,1.2801226997726507,0.845966899101512,0.8820943244485678,0.7780903972243753
1100.5067102174503,0.12462996268015984,5.837093546654469,2.016227336862979,0.6888542711700812,0.7561283413227858,0.5717300685515474
1110.4449291661492,-0.5139240649385746,7.803163574787776,2.762286997313942,0.54118315228702,0.6309692592780501,0.3981222061538913
1120.4728960418295,-1.4614907101808419,7.863138010446301,2.6654827462456208,0.5588396606288,0.646346520477024,0.41776382453275596
1130.5914213207407,-1.5827091128488304,6.806183623686166,2.404001800622276,0.6089629333495943,0.6893553396822298,0.4752107843484024
1140.8013227982028,-1.2001891082829943,6.952181113074817,2.265016184337971,0.6369292281852776,0.7129652849241279,0.5083194975069429
1151.1034256547066,-0.19254914159937936,5.292859479083276,1.8267772083118587,0.7295060492469264,0.7893537438593143,0.6230793329447161
1161.4985625226077,0.31644352998634184,3.474782352342902,1.3292482696436796,0.8358951226049959,0.8742061217428782,0.7642363432927239
1171.9875735534156,0.5879157598479511,3.3596273337597875,1.3091520439969169,0.8400318817847892,0.8774488859050953,0.7699165473760929
1182.5713064856986,0.7421263938712749,2.4220790074987413,0.8571345325534157,0.9245296572087333,0.9428457229570095,0.888958057298326
1193.2506167136041,-0.1861687042856808,2.7815648746315884,0.9421187245334258,0.9102321295300427,0.9318888617525728,0.8684168506585057
1204.0263673559848,-1.359627040524638,3.499074749518573,1.2500781894373003,0.8520552369696632,0.8868513114151583,0.786505248558786
1214.899429326161,-1.7156110942088127,4.72501514615077,1.6402132655066295,0.7698690659398896,0.8218880239415984,0.6754999238986255
1225.8706814023135,-1.410709881451063,4.612171916842408,1.610709349182189,0.7762378344897156,0.8269820918804559,0.6838993802909747
1236.9410102984998,-1.0306046820299453,4.717181723368011,1.5726581318644743,0.7844331097344581,0.8335217507408802,0.6947585089581421
1248.1113107363235,-1.461008240731431,2.7664694569988146,0.9655018737556191,0.9061442133939993,0.9287482128026302,0.8625732427840797
1259.3824855172518,-2.11172792742498,2.4624753272914437,0.8256818557958825,0.9295839605565165,0.9467089136687052,0.8962577672197799
1270.7554455955726,-2.511934890717515,2.9007434614144554,0.983849522274475,0.9028928793964092,0.9262477606260436,0.8579349140647605
1282.2311101520236,-1.530082035652708,3.830998022631322,1.608588537264439,0.776695202978613,0.8273475156740424,0.68450391169201
1293.8104066680874,-1.2454047526612164,3.5434684657650837,1.30359857113628,0.8411710823884662,0.8783411921703553,0.771483249863241
1305.494271000937,-1.3661854389890329,2.8474083490360727,0.9632821866845281,0.9065349775664786,0.9290485805270131,0.863131264979258
1317.2836474590908,-1.9120491147093148,3.4525211662447637,1.4582171673438231,0.8088871672978624,0.8529350455743511,0.7274981919689203
1329.1794888787256,-0.9587337467580191,5.151734219769869,2.0643480296097656,0.6786545827178029,0.7477158546256533,0.559078999258571
1341.1827567006774,0.3015394559356749,7.907850580583196,2.9435276178899534,0.5095006346342951,0.6030572555880996,0.3636780535174505
1353.2944210481646,0.14067899489562735,9.32349388999756,3.2469830124491343,0.46052533689731323,0.5590364773554118,0.31252178301394795
1365.5154608051798,-0.266257927963638,8.291156094544132,3.3812042407705682,0.4404738259248427,0.5406797196998907,0.2923345592947523
1377.8468636956106,-0.7358987013766884,8.749859947996256,3.625132887137006,0.40647490222152316,0.5090674177691805,0.25914963583418144
1390.2896263630728,-1.0164724333317172,10.614872052649044,3.5058651561626246,0.4227120260879299,0.5242439807658029,0.2748317513691755
1402.8447544514522,-0.8692511701443183,9.356361514854058,2.9921442239274114,0.5013110102622527,0.5957724717281139,0.3549448380690262
1415.513262686187,-0.5639569484677233,6.1585569978031085,2.217049877199792,0.646769629840501,0.7212107874330378,0.5201449999097825
1428.296174956284,-0.39206733312620334,4.271546658713687,1.5277579263408592,0.7940678346115501,0.8411882608247283,0.7075976901493312
1441.1945243970613,0.5498846242312667,2.8968221935739042,1.0625567825096383,0.8885355004568678,0.915179088686079,0.8375527643682821
1454.209353473653,1.7192737041974013,2.44530082236443,0.9790403977235739,0.9037487407050908,0.9269061823599504,0.8591550708970976
1467.3417140652678,2.3882918270171722,1.5375498162508037,0.5349836244286674,0.969179293153599,0.9767942513740707,0.9541270095174312
1480.5926675501935,0.9504194938610366,2.214732045047384,0.8755301861846279,0.921512421165527,0.9405370218521547,0.8846098894745205
1493.9632848915842,-1.3301789180784813,2.4623370378861176,0.9674986624690181,0.9057922094895077,0.9284776111122719,0.8620706743367511
1507.4546467240227,-3.1397267515150267,4.856926938576227,1.84475685548116,0.7256234156901739,0.7862007732796295,0.6181116559054873
1521.0678434408487,-3.2143882066269707,6.046512867218535,2.287499321562676,0.6323487200581945,0.7091163237414783,0.502845960596629
1534.803975282291,-2.4740192940232735,5.634452242041877,2.061774137558818,0.6791985031934389,0.7481652628107355,0.5597512604766569
1548.664152424396,-1.6276843645930543,3.4739595784785657,1.4210235101078514,0.8167482159545412,0.8591443648278116,0.738129039615384
1562.6494950687438,-1.7303421648587634,5.801755242048143,2.317739740168359,0.6262212399997312,0.7039565356649629,0.495554804105416
1576.7611335329898,-2.3225634006762945,8.31916193341318,3.323407475304998,0.4489889387152905,0.5485001256481286,0.3008523878360128
1591.0002083422232,-3.1500204579280493,8.2492576731034,2.811249565903291,0.5324459511243389,0.6233136629342408,0.3885199224005005
1605.367870321137,-3.415693150664323,7.215580583195171,2.7144047435172465,0.5498536038364894,0.6385358816674257,0.4077280721767967
1619.8652806870437,-3.155303052859107,8.074014123137916,2.9467373584496372,0.5089558973101236,0.60257361774298,0.36309496479986303
1634.4936111437319,-1.7025260436864167,6.832900870378688,2.555416998209339,0.5795176803033506,0.6642017533082832,0.4411639690977976
1649.2540439761553,-1.0842487952012227,6.327579153349683,2.191945519510248,0.651955405913632,0.7255434371546615,0.5264132791982004
1664.1477721459923,-0.9749555656442853,5.409391350264549,1.8693478572697624,0.7203191641163035,0.7818865221758718,0.61134653356028
1679.1759993880678,-1.4035854873961378,4.407707084974675,1.7838344758143208,0.7387909748529246,0.7968768054186451,0.6350126430142251
1694.3399403076298,-2.0905629500518845,3.4373293924790156,1.3923799579858667,0.8227652227816792,0.8638870121023516,0.7463007696791287
1709.640820478523,-2.8063359961952794,4.238879280056747,1.3898876518250127,0.8232871200562993,0.8642979657912558,0.7470109736709027
1725.0798765422462,-3.0914693273579394,5.341266133729195,2.238693587129628,0.6423181013831879,0.7174846611694998,0.514784239013512
1740.6583563078825,-2.8600990425783808,8.05064883460011,2.7969971042781685,0.5349757389264947,0.6255334891585911,0.39129214605892115
1756.3775188529708,-2.3280293183786966,9.265921314766269,3.1291200370277235,0.4789426936161152,0.5757217863945209,0.3314555753292983
1772.2386346252558,-1.5415356744231257,6.180065834243175,2.188968171665197,0.6525719982027579,0.7260580179276049,0.5271602453969623
1788.242985545358,-1.0562113339357555,3.8543244492705266,1.3572656499276698,0.8300921275983342,0.8696504406468814,0.7562918889173149
1804.3918651104023,-0.9326052630214068,2.568416074151141,0.8412719693488854,0.9270954275821721,0.9448074940367007,0.8926612007879102
1820.6865784985428,-1.8370093149077777,4.868732167915345,1.7969426785843858,0.7359553356289708,0.7945817641913656,0.631360179985463
1837.1284426744537,-1.6312231415464171,5.76373494306186,2.17684919830466,0.655085128817301,0.7281541103852837,0.5302084084709838
1853.7187864957773,-1.1243097284800068,5.459467023080468,2.0811512406776913,0.6751084990544399,0.7447837313281495,0.5547028064510812
1870.4589508205106,-1.760608551068314,7.343765619527433,2.365869324890442,0.6165507853631984,0.6957875307611221,0.4841202879626595
1887.3502886153822,-2.1845957340574014,8.943256201031529,2.847892851035116,0.5259930053769329,0.6176393777020587,0.38147840088818635
1904.3941650652075,-2.3441905029153554,8.726415803446734,2.914929718859346,0.514379323507277,0.6073829928566271,0.36891410001147346
1921.5919576832127,-1.7220509176973888,7.359376314227131,2.503244421916436,0.5895364111550173,0.6727953403809419,0.45265357003830753
1938.945056422374,-1.1024436787464849,6.084301899097518,2.2502546722104726,0.6399478444302029,0.7154980185796158,0.5119374145913562
1956.4548637877606,-0.4954887983408748,4.16329046234453,1.5205146616245924,0.7956177490214985,0.842419376017718,0.7096704050900813
1974.1227949498777,0.0551239583074425,3.5275670029398043,1.3189268417769786,0.8380225338953463,0.8758742780276444,0.7671557509104472
1991.9502778590468,0.24632423326277333,4.108254319467765,1.5490189320001813,0.7895111062270214,0.8375653123106368,0.7015156523860144
2009.9387533608212,0.379034080498516,7.250746777857418,2.3621286031497393,0.6172987040640108,0.696420463581803,0.48500146209549344
2028.0896753124266,1.1166078729153504,7.316188706891004,2.5319309052099603,0.5840107925509648,0.6680602853772084,0.44630454489827714
2046.404510700269,0.8666708691226335,5.384729476656089,1.9896822035642487,0.6945068605058582,0.7607770537638072,0.5787817255335388
2064.884739758505,0.29355331279026364,4.9482288735714866,1.6396333345131802,0.7699943488259872,0.821988332955666,0.6756648195152348
2083.531856088666,0.6022888092971421,6.382650964261474,2.187449898891521,0.6528865500598227,0.7263204822311605,0.5275414429085055
2102.347366780377,0.6408702035139895,6.819454246214765,2.2642120920755513,0.6370934314886547,0.713103134795252,0.5085160808548154
2121.33279253317,0.5124468197519929,6.429982380854218,2.0470921764516707,0.6823047695895991,0.7507300592738229,0.5635956218972775
2140.4896677793777,0.22965755290616416,4.389829652212944,1.5428225378256906,0.7908402156438494,0.8386225949528987,0.7032878567655335
2159.8195408081538,0.7404660904881236,3.7723294826405382,1.2581169738818867,0.8504318708507245,0.8855837637415266,0.784258602602608
2179.3239738906072,1.53809098928738,4.1591059733507585,1.5322368645796045,0.7931087793918271,0.8404261711633424,0.7063161491762757
2199.0045434060753,1.711184850348616,4.469650028096506,1.6748377475078506,0.7623835561731518,0.8158872386192522,0.6656719861417485
2218.8628399695153,1.0582516490679774,7.055475145509025,2.2913405489714584,0.6315682434451981,0.7084598021264193,0.5019152912290052
2238.900468560066,0.11856317572307626,8.133320987152139,2.6115499899940553,0.5688931734746865,0.6550478745440039,0.42908771794461703
2259.1190486507758,-0.07929878447014106,3.3398342921051003,1.1590626192250155,0.870117876309451,0.9009144824886827,0.8116469047578508
2279.5202143394717,-0.26553654081803124,2.115029306357439,0.779505525228245,0.9367555853300152,0.9521814542465451,0.9066495218110655
2300.1056144808413,-0.41306549422551103,4.935950075901109,1.869177576759466,0.7203558665480669,0.78191640159119,0.6113932590773152
2320.8769128197,-0.3846681666959119,5.01274495506992,1.744751929417269,0.7472501632872669,0.8037102627423451,0.6459501864373695
2341.8357881254447,-0.37333192904959217,5.053726446353155,1.7762731602961517,0.740427120189532,0.7982000271238168,0.6371232833004618
2362.9839343277413,-0.42116846190048235,5.832199619205081,1.9027817345411508,0.7131210444693415,0.776019151874221,0.6022057240755851
2384.323060653438,-0.7435674190985999,1.3988003338331667,0.49640051262603185,0.9733503731189129,0.9799454477441448,0.9602930805544724
2405.854891764694,-0.8560748154619457,2.872768785183706,1.1297018789283497,0.875807879894982,0.9053294254760912,0.8196213686328694
2427.5811678983755,-0.824351913926018,5.0031235980674635,2.0260875065310144,0.6867591755875035,0.7544029065234709,0.5691237453710608
2449.5036450067114,-0.6094348227364335,5.18926316707216,2.003750122026239,0.6915090232418365,0.7583128031692676,0.5750383074504324
2471.6240948992004,0.48236170834454656,5.245422284832971,1.8228239462096685,0.7303601802570289,0.7900467945395576,0.62417393756223
2493.9443053858154,1.8181229602701965,4.527050285017392,1.7868865254181627,0.7381306466981404,0.7963425619521979,0.63416147597659
2516.466080421506,1.8870685223015229,5.231901073753895,1.8769037091442728,0.7186909743390237,0.7805606310879014,0.6092748988043429
2539.1912402519824,1.6585366938590085,5.5776710378241035,2.2526610567712986,0.6394551575274227,0.7150848398635302,0.5113463282026507
2562.12162156084,1.490817575858682,7.417859470145325,2.620151721107865,0.5672795056340165,0.6536538453582371,0.42726334955161016
2585.2590776179986,2.5891752116338975,5.42254945267573,1.8096838245268554,0.7332002113723549,0.7923497698591491,0.6278181577958465
2608.6054784294965,3.5494379125476776,2.5978390713842883,0.8844165406963023,0.9200391315070489,0.9394090170541947,0.8824893013227282
2632.162710888611,4.331235170539447,3.1155519549140616,1.2783430163931029,0.8463291191554244,0.88237757591769,0.7785901864823788
2655.93267892837,4.512116884812929,4.938155938125463,1.8146871304282806,0.7321186498212442,0.791472997238119,0.6264295053570916
2679.9173036754373,3.739151290125224,4.499424901035502,1.6795546897302114,0.7613630931827421,0.8150680425870342,0.6643359140466596
2704.1185236053648,2.4497579180106124,3.643204535359228,1.2305583551508692,0.8559792254974279,0.8899127281608574,0.7919446637427001
2728.5382946992727,1.2001848085577842,3.912720587467297,1.7073526121759106,0.7553470423992722,0.8102329481099089,0.6564774302028742
2753.1785906019422,0.5305684700567457,5.994627580204165,2.088732852861779,0.6735112909845985,0.7434618030049535,0.5527354525273762
2778.0414027813117,0.175759956909274,6.876443101368928,2.386215283199269,0.6124939214138881,0.6923510213938097,0.4793499368250515
2803.1287406894407,-0.2151645034468475,5.023124632929263,1.7701746015629283,0.7417469451956691,0.7992668942427025,0.6388275682323753
2828.442631924923,0.0508869175259376,3.283614008388635,1.2177957530484513,0.8585306927642972,0.8919014489470688,0.7954881946338807
2853.985122396744,0.5420826736248672,2.6463891873004277,0.8878424713928608,0.9194684334675443,0.9389719483096155,0.8816683197123553
2879.758276489647,0.171130382854818,3.2460073459154986,1.175703204894352,0.8668617790298613,0.8983847911702707,0.8070952330060509
2905.764177230974,0.04755412616220962,2.312618554815779,0.8793348998920889,0.9208828732408206,0.9400550719930556,0.8837035383798689
2932.0049264590284,0.10780972898463397,2.4420709488275567,1.087728826130903,0.8838126184392858,0.9115282826293531,0.830883810033218
2958.482644992936,0.44468006360382023,3.3472985379782023,1.2415644278820999,0.8537698783570847,0.8881894727017025,0.7888805394181283
2985.1994728040568,1.020666653387332,2.9502773625225904,1.1767952353652702,0.8666473350532643,0.8982181044189469,0.8067957631059662
3012.1575691889534,1.459621715580533,3.2664886140847837,1.2827870688239214,0.8454242572794733,0.8816699287113354,0.7773418631938512
3039.3591129438896,0.18040086747198242,4.956319890363861,1.7302540050505866,0.7503890190518894,0.806240949676483,0.650024468935237
3066.8063025409324,-0.7102622432508257,4.888874367683663,1.8350646258730294,0.7277159912186044,0.7879006138444873,0.6207873772965199
3094.5013563056473,-1.2654857596580473,4.4765254496796825,1.7818870932983586,0.7392123287044317,0.7972176425339894,0.6355559695674518
3122.4465125963666,-1.0964377479699976,3.2336270779389085,1.1082552051183552,0.8799176741484838,0.9085138049016542,0.8253973336968811
3150.6440299851056,-0.04884354536245694,3.1456251183634922,1.1862720899274433,0.864782471395898,0.8967681156057853,0.804193053167151
3179.096187440117,1.3259165013053018,4.031308497728412,1.447237812647835,0.8112129614982032,0.8547737191217087,0.7306381109011578
3207.805284510058,1.5287050032961877,4.819420675704035,2.0061838436621326,0.6909908967578211,0.7578866278662918,0.574392140698539
3236.7736415098548,2.1992597559840648,4.860689029036812,1.9964861102395937,0.693056364399239,0.7595850650065834,0.5769694709810557
3266.0035997082437,2.982770223594564,2.6323625579135306,1.145124498991631,0.8728279817830841,0.903018183599129,0.8154418399106703
3295.497521516977,2.7105910516455447,3.0093283908486668,1.042433951739033,0.892266853121405,0.9180600088893053,0.8428341799218314
3325.257790681765,1.9076866551905645,6.222954697047889,2.2090096536182804,0.6484278957631452,0.7225971887873618,0.5221466972433982
3355.286812474947,1.0114242113686933,9.086574909647776,3.060162125961802,0.4900735003406964,0.585727904621035,0.3430771782517482
3385.587013889866,1.5860525260573892,6.512765384065599,2.153102659243313,0.6600248095685166,0.7322682350568018,0.5362167680732036
3416.160843837037,1.6069490715632,4.225982915628608,1.552805967542393,0.7886983817438251,0.83691858537576,0.7004327185473634
3447.0107733420673,1.367145128434318,3.91258084450377,1.457183058734491,0.8091064050861629,0.8531084219727288,0.7277939796407995
3478.139295745378,1.5874314783631303,4.431612956686267,1.4821046203387018,0.8038129955032713,0.848919026695697,0.7206635138859694
3509.548926903703,1.2795839168822671,2.9451049257327786,1.0339117013634476,0.8938349161239904,0.919269787042764,0.8450569413696487
3541.2422053934315,0.7038547273712644,2.0793200245375343,0.7446312437534596,0.9419669161121944,0.9561515585556537,0.9142258029284056
3573.221692715794,0.4588238230637763,4.1816639937786455,1.4385485893303964,0.8130505788229923,0.8562255289896298,0.7331221564935714
3605.4899735038625,0.185646216327287,2.479029613180949,0.8476423501881585,0.9260690708771991,0.9440229115672223,0.8911792575638556
3638.0496557314577,-0.09356095292343777,3.1453890319883353,1.0815370982762134,0.8849799003336773,0.912431048845442,0.8325304188971933
3670.9033709239384,-0.2951759483130358,5.1568529976467925,1.8529401735144968,0.723857448700433,0.7847652896121117,0.6158565597799814
3704.053774370866,-0.029289231022952646,5.2306581495755795,1.7564123975752597,0.7447258200693236,0.8016730950892219,0.6426797513899326
3737.5035453406176,0.5092657912644829,5.855012487088128,2.061732229688009,0.6792073608504732,0.7481725806056829,0.559762210370167
3771.255387296942,0.9676742325234426,6.191319456214012,2.315150324240438,0.6267443940021885,0.7043975609899675,0.49617592392861504
3805.3120281174347,0.8513300690137983,5.339503535027648,1.8970051222156137,0.714363475941332,0.7770329427344153,0.603780194094505
3839.6762203140242,0.3058778053347597,3.9288110530448743,1.3565818793821756,0.8302342230740613,0.8697620885697378,0.7564860907131925
3874.3507412554272,-0.8103128403505208,3.9310147297704843,1.4784088424252182,0.8045992534451161,0.8495417347312123,0.7217211590501175
3909.338393391635,-0.7420567535157038,5.892817434829984,1.9921187764879043,0.693987289975395,0.7603501526752703,0.5781323546733068
3944.6420044803895,0.15230920822682972,7.859243927348171,2.882181162713397,0.5200217546799928,0.6123731412942807,0.375000864178625
3980.264427815737,1.7622715328851286,5.79211313828668,2.0920270292471908,0.6728178620513855,0.7428876430298679,0.5518820501664724
4016.20854245865,1.997419993510437,3.54484569310815,1.3603154063311986,0.8294580741292097,0.8691521909420802,0.7554255310194182
4052.4772534696917,1.2968677413504883,4.582743736017429,1.5322814589853606,0.7930992281381761,0.8404185803361179,0.706303390174176
4089.073492143822,-0.01856520189811748,4.866184404527928,1.6483597163816215,0.7681088212603826,0.8204782343190226,0.6731845329912609
4126.000216247318,-0.44712735581250307,4.339181751292349,1.555222616604373,0.7881795910012162,0.8365056696140515,0.6997417352964528
4163.260410256807,-0.31695744172005946,3.325779819033954,1.275819344780657,0.8468424303401595,0.8827789268269117,0.7792986336496739
4200.857085600478,-0.1686714115263505,3.3967199347163257,1.2702237725238452,0.8479791556757488,0.8836675002419125,0.7808682509837904
4238.793280901497,-0.3598792014491912,3.906612973779392,1.3350625904715614,0.8346941846891536,0.8732639677214354,0.7625899573205842
4277.072062223558,-0.6413839068672998,3.639988743260096,1.2870771786953685,0.8445496039473082,0.88098572610137,0.7761358495943582
4315.696523318699,0.06844630123942261,2.891487731024293,1.017340328662638,0.8968626538694192,0.9216042206182882,0.8493543394614422
4354.669785877367,0.27393457049940984,2.579770896326675,0.8343309540099765,0.9282074693568357,0.9456573320768056,0.8942677897106216
4393.994999780681,0.10499735972738425,2.6028888901685656,0.9583865457149838,0.9073948349863827,0.9297094110448919,0.8643595889854399
4433.675343355028,-0.4924998494693826,2.1825030371226264,0.9229933434625991,0.9135278203243429,0.9344182958956702,0.8731375517045683
4473.714023628959,-0.7034527242765272,2.851209773289696,1.1452110977564725,0.87281119307495,0.9030051565088901,0.8154183126816451
4514.114276592345,-0.633678288402876,3.3363871241632888,1.1110983234343046,0.8793751798771517,0.9080936790689695,0.8246341299650166
4554.879367457951,-0.29738640177372044,2.2843150373465373,0.8775667953950171,0.9211756655966097,0.9402792291656406,0.8841250288003312
4596.012590925311,-0.8692821528809174,1.3100268400574093,0.5107272187430141,0.9718338479652883,0.9788001241442915,0.9580496830248805
4637.517271447039,-1.9327957310816983,1.6908848698569012,0.6240486768352249,0.9585239496910357,0.968728833707782,0.9384355532568396
4679.396763497484,-2.173376556882207,2.809106471949648,1.0130075589558807,0.8976495661447704,0.9222106196256763,0.8504724269503738
4721.654451843862,-3.0956239712779654,2.934901377915711,0.938120115429131,0.9109247800081366,0.9324206589722368,0.8694082852782204
4764.293751819827,-4.335568704140985,3.236344601494838,1.1125961893109924,0.8790890833193294,0.907872090165268,0.8242317321010525
4807.318109601479,-4.470066395033525,3.267636530222801,1.0845062337399027,0.8844205976554601,0.911998525924508,0.8317413112884756
4850.7310024859025,-4.704287354541033,3.049595994800453,1.238867071258549,0.8543121045414189,0.8886125035835878,0.7896321815250917
4894.535939172223,-4.865473677080544,3.7069883434831037,1.369037945551556,0.8276421519777944,0.8677246820515722,0.7529461238415021
4938.7364600451565,-3.801824354192916,3.0531797787267188,1.1114993975322471,0.8792985931426407,0.9080343625039831,0.8245264034880149
4983.33613746116,-2.888001540330039,2.3761517758773714,0.8450116203761012,0.9264935806723128,0.9443474478466735,0.8917921022545255
5028.338576037176,-2.153412131867715,4.4760197908962445,1.5511809633915867,0.7890471570738989,0.8371961443549675,0.7008973841228235
5073.747412941925,-2.137454766825328,3.565440131715756,1.3128247675938731,0.839277526485382,0.8768578524939847,0.7688796934803627
5119.566318189898,-1.952201455223791,2.470201688661845,0.937715793463735,0.9109947123455174,0.9324743454004247,0.8695084048299505
5165.798994937954,-1.6752843182155506,4.4824028823722015,1.44308935578642,0.8120906298834206,0.8554672236262786,0.7318241706988533
5212.449179784641,-1.598933471059214,5.976537163579514,2.2091368184387266,0.6484016493244417,0.7225752522325336,0.5221149951389096
5259.520643072157,-0.7355881703802727,7.663632784941945,2.588339770509302,0.5732665634846572,0.6588210377510959,0.4340451597834309
5307.017189191099,0.5862215821964101,7.692948436747413,2.5222617351809027,0.585868680998025,0.6696536059849296,0.44843595200861935
5354.942656887946,1.2189975299087827,4.367527990742442,1.5940343859390547,0.7798321119917762,0.8298523649004718,0.6886549475309058
5403.30091957529,1.2865377876044637,3.1089941670348358,1.0249733679577322,0.8954715640320662,0.920531913460954,0.8473790037000851
5452.0958856449015,0.9615723345355999,2.612111274529477,1.0151070340456518,0.8972685091326605,0.921916991560516,0.8499309393279925
5501.331498783629,0.5630590446614605,4.718687610072167,1.7720178976602778,0.7413480097314183,0.7989444688999746,0.6383122643858625
5551.0117382921035,0.32598075620328476,4.58653861457119,1.746399951633408,0.7468933722635209,0.803422433706252,0.6454876069824769
5601.140619406366,0.2731481857708482,3.4703806846529273,1.4284242711044903,0.8151881583704623,0.8579132923946649,0.7360152172674536
5651.722193622404,0.9451986384417197,4.01848368199466,1.2949492120321113,0.8429418193830231,0.8797275650284191,0.7739205886708314
5702.7605490235655,1.5531677306665683,3.5014093423853185,1.1884109400379497,0.8643606337379136,0.896440015495409,0.803604701381409
5754.259810610979,2.052580886503379,4.981915917240908,1.5774553944750667,0.783401257830024,0.8326992977256382,0.6933881204327711
5806.224140636965,1.90293248662369,3.11893276712609,1.205941626849615,0.8608901720755276,0.8937392116375921,0.7987697784185847
5858.657738941395,1.941916421154755,3.109207108198954,1.2322297976006733,0.8556442350466371,0.8896515125470215,0.7914798137772032
5911.564843291153,2.1162102965254643,3.661519277230286,1.3362890581827205,0.834440632419735,0.8730650088032729,0.7622425095966588
5964.94972972265,2.3288817220168117,3.7588584316492337,1.5028783044869625,0.799385844425796,0.845409921158399,0.7147179347930505
6018.816712887389,2.372424813902199,4.060055287006509,1.4304867485753558,0.8147530161918536,0.8575698080377917,0.7354259756579749
6073.1701464007065,2.3019650833002974,2.7471077570985747,1.077250229854285,0.8857859646692898,0.913054278611949,0.8336681156915866
6128.014423193621,2.2840510480056944,0.7725886993495434,0.2569161374959623,0.9927194067132225,0.994534570487911,0.9890990118955737
6183.353975867907,2.0962132992297677,1.6674971884879193,0.5594870413744258,0.9663883942891643,0.9746838706206679,0.9500086476480867
6239.193277054305,1.7714423593332491,2.8420372112418306,1.1169667753044268,0.8782531540980798,0.9072245388533995,0.8230563638977634
6295.536839774025,1.2676106631841784,2.1927152949806303,0.8877089401463504,0.9194907053955022,0.9389890065235029,0.881700354371995
6352.389217803517,1.1870349329039032,2.4147476203616685,0.8648377016066763,0.9232715913295169,0.941883316911395,0.8871441826760115
6409.755006042475,1.3319572682623002,4.938568440024111,1.7846840727914106,0.7386071545408363,0.7967280962055383,0.6347756592833016
6467.638840885222,0.6167053808175669,3.6542819720505766,1.2543880576179223,0.851185418578164,0.8861722198274542,0.7853012031939178
6526.045400595454,0.3272612300173398,2.9172020077850465,0.9322804835797529,0.9119329250172485,0.9331945032608393,0.8708519809162446
6584.979405684304,0.3957104597312998,1.731212721895833,0.6817247122691987,0.9508968907914117,0.9629418693325282,0.9272570437136238
6644.445619291875,1.0497386361710617,4.077578863018003,1.4665612199164293,0.8071168470150796,0.8515346200238395,0.7251112090991447
6704.448847572236,1.0840454446628267,5.844306382326934,2.016209773656545,0.688858005270257,0.756131415402287,0.571734717358266
6764.993940081813,0.688056772786724,6.726136246775198,2.2089218171574148,0.648446025304486,0.7226123411773676,0.5221685956218363
6826.08579017137,0.5256837794832754,6.704760559213424,2.1370420299300803,0.6633768756961949,0.7350556945443998,0.54030687408215
6887.729335381479,0.2721172999802276,6.202197760146411,1.9874520228018804,0.6949825441741869,0.7611678255464777,0.5793764586471531
6949.929557841615,0.08954067151246432,5.103429320947368,1.7231271807734914,0.7519320090208929,0.8074840071310492,0.6520304217724163
7012.691484672772,1.5742378512334316,2.7199724007286417,0.9288236115828142,0.9125277928023793,0.9336510188220979,0.8717042249475414
7076.020188393785,2.452338286046083,2.1876473159418754,0.7896067396951929,0.9352127420747678,0.9510050246015062,0.9044105568173113
7139.920787331321,2.804792595693872,3.4066259587062238,1.2079218987396567,0.8604967198603277,0.893432845236158,0.7982222489467766
7204.398446033506,2.187348501871118,5.004664343664767,1.6266845841908855,0.7727907097913711,0.8242262073736089,0.6793488409214833
7269.458375687359,1.8761981213198637,4.604452562918432,1.6349622941021125,0.7710033056237666,0.8227960157813806,0.676993283585714
7335.105834539981,1.7953043854131256,3.3739492524911174,1.5153131686428727,0.7967299371226869,0.8433024305878275,0.7111589894353376
7401.3461283235,1.7447179405098843,2.9424309507471476,1.1647156019946208,0.8690142175807506,0.9000573056426141,0.810103153440642
7468.184610683905,2.1458366607357897,1.7739083011418626,0.7109172784482621,0.946829886459103,0.9598513242735476,0.921314564709683
7535.626683613761,2.8353147598811694,1.0619190860594876,0.3651415561285339,0.9854019968608483,0.9890313968363339,0.9781831039280299
7603.677797888761,2.8595356342906477,2.811462936757116,0.9895118622230363,0.9018818915132841,0.9254697975817783,0.8564943462360576
7672.343453508289,2.6361765156404013,3.4721438645804445,1.298414433005617,0.8422329247986797,0.8791726337690005,0.772944519968321
7741.629200139962,2.2215230231728818,3.3811013757829267,1.388107259763493,0.8236597723187384,0.8645913607362433,0.7475182210597487
7811.540637568118,1.7508307864288377,2.043221601936107,0.8291452212752813,0.9290340036449773,0.9462888163631387,0.8954625239739499
7882.083416146418,1.3027961033815127,1.7498843033781863,0.6705105662924483,0.9524228368623706,0.964100593392712,0.9294899541801794
7953.263237254546,0.9119982759539463,1.541137572998597,0.5377112738430526,0.9688740164306827,0.9765634857981592,0.9536762417942514
8025.085853758953,1.0819593633204225,2.0324115664035514,0.7187874371824529,0.9457104035788475,0.9590000393475745,0.9196810754686494
8097.557070477845,1.3505355996955755,2.5690569980150393,1.0099541582460674,0.8982029293132548,0.9226369647965926,0.8512589688090689
8170.682744650321,1.6801872775946356,4.894236013230896,1.7174495702394812,0.7531612042127132,0.8084738101653134,0.6536299017232191
8244.468786409801,1.797239447348887,5.0337096767821645,1.7415330573272565,0.7479470480463289,0.8042723517784445,0.64685401583523
8318.921159261636,1.4004531971240424,5.213242430362436,1.700120595438663,0.7569125009527962,0.8114920294191177,0.6585193138107582
8394.045880565118,0.6336662447940268,4.127491448813129,1.5412140575659572,0.7911850889562215,0.8388968628617205,0.7037479465192363
8469.849022019836,0.284017058309704,4.6308794211362025,1.6553727439006227,0.7665929738321704,0.8192635364338826,0.6711927421301517
8546.336710156354,-0.13233943611285462,5.100434672812041,1.7748442832662559,0.7407363371794838,0.7984500221477913,0.6375224378678083
8623.515126831384,-0.5856626895191844,3.4151670275979473,1.1425620044877016,0.8733244840547443,0.9034034130340265,0.8161377266815278
8701.390509727444,-0.8052184896390695,1.5808458756407209,0.5417689305268787,0.9684173728542534,0.9762182646605417,0.9530021002568395
8779.96915285695,-1.3392358753052065,2.2927316628630963,0.7779461291828941,0.9369924448658103,0.952362018525991,0.9069934143309
8859.257407070923,-2.0293239503688754,3.2260076423053303,1.310945864001458,0.8396635366508849,0.8771603060135331,0.7694102024457551
8939.261680572316,-1.2552413216947338,4.266766259337961,1.6789723424229153,0.7614890854566262,0.8151692001223481,0.6645008248281088
9019.988439433868,-0.6023195720530603,4.060584950166314,1.589767036888339,0.7807512387873217,0.8305858181807103,0.68987280136292
9101.444208120743,-0.054445438329895,3.8767450500100216,1.3203131369734924,0.8377371328543084,0.8756505494907257,0.76676388482341
9183.635570017836,0.3443549961881461,3.2934220694114145,1.104967227812656,0.8805441502995196,0.9089988885719794,0.8262789794250938
9266.569167961881,0.4158792757047547,1.7416658776154355,0.6333379842522169,0.9573330485942608,0.967826008463965,0.936687182659291
9350.251704778282,0.22380280041097986,1.5068437871361184,0.6435902476595526,0.9560017806085888,0.9668164382770361,0.934734025322694
9434.689943822877,-0.0029514701960590473,1.0513934718902014,0.37124125544713316,0.984917620538156,0.9886667541568834,0.9774619507751074
9519.89070952859,-0.3170012779442869,1.817274359479846,0.643096663853981,0.9560662773802655,0.966865357652364,0.9348286198282337
9605.860887956931,-0.686437803282835,3.378746912773456,1.3893008259895692,0.823409963548984,0.8643946860587923,0.7471781732866781
9692.607427354575,-0.7880026321379038,1.3748373859558054,0.5906850179185863,0.9626791962338959,0.9718767439648566,0.9445444054597314
9780.137338714954,-0.6898329092919391,0.8975713982159057,0.29992093262548675,0.9901041765426684,0.9925689136541408,0.9851930483525612
9868.457696344842,-0.4569031639002542,0.893054228389762,0.29994226708704524,0.9901027825754188,0.9925678655759425,0.9851909677739822
9957.575638436134,-0.7357559745735853,2.1551160431645524,0.7164804199314536,0.9460395648704686,0.9592503685910984,0.920161269642158
10047.498367642806,-1.0938884201245234,1.9636472096674547,0.7888544247276257,0.9353281579417918,0.9510930468541344,0.9045779837742807
10138.233151662967,-1.5448627331115752,2.3417275119544563,0.8614344677784928,0.9238283658014503,0.9423092834447444,0.8879467856661476
10229.78732382632,-2.5392057125310825,1.5911385637772215,0.5809746324000021,0.9638521677122994,0.9727647424028381,0.9462712440620599
10322.168283686833,-2.6704804068767407,1.7172973765121347,0.6444194686412943,0.9558933342318432,0.9667341822379156,0.9345749791072115
10415.383497620729,-2.120532132704088,3.9690844400948877,1.3412102014879572,0.8334224783179388,0.8722659252627937,0.7608478443745575
10509.440499429975,-2.1957369654983574,3.595412620552981,1.151613139834992,0.8715683235988785,0.9020405858403272,0.8136772185031607
10604.346890951214,-2.6021632323239787,2.2921432076815567,0.7538503428110811,0.9406069089460123,0.9551160064242719,0.9122465857278498
10700.110342670097,-3.2707584526405618,1.1579858136058432,0.39161119746436923,0.9832455687086175,0.9874076744108253,0.9749739154853944
10796.73859434127,-3.658110331897802,1.4012131869876292,0.47045538208795407,0.9759982228006425,0.9819441115749236,0.9642142382566659
10894.239455613819,-4.080148071849083,1.4448907970227647,0.5612843545685468,0.9661794128206727,0.9745257848233458,0.9497005052855583
10992.620806662615,-4.501058135230817,3.4956425982118686,1.253342116800719,0.8513966222701701,0.8863371284090914,0.7855935051964741
11091.890598825026,-4.250728578258354,2.1137756261358303,0.7654443189194365,0.938878488255615,0.9537993923327498,0.9097332808143227
11192.056855243713,-4.002127469065707,2.171008207936416,0.7362374639802123,0.9431939831458477,0.9570855651760191,0.9160127790682999
11293.127671514982,-3.779996398480086,3.092162793685334,1.0780674164299224,0.8856324420715477,0.9129355895261657,0.8334513906234877
11395.111216343132,-4.1414297971583505,3.1654345997192594,1.08670776170243,0.8840053587166877,0.9116773669105701,0.8311556213369903
11498.015732200562,-4.258846175792916,3.1593434661762925,1.232735811384108,0.855542781867185,0.8895723973242601,0.7913390500812312
11601.849535994115,-4.187325013029776,3.0847593826853474,1.3861413177097064,0.8240710982728656,0.8649151655553089,0.7480782436075675
11706.62101973707,-4.578094429560024,2.072570241584648,0.6913982196864307,0.9495642636050452,0.9619295612763922,0.9253084808573923
11812.338651227556,-4.641042001256083,0.6016369617676354,0.22257994322381347,0.9945254873616785,0.9958912993778025,0.9917994801764078
11919.010974732852,-4.426594174289746,3.4959075114347318,1.2400897434469025,0.8540663821843794,0.8884208056586277,0.7892915279271252
12026.646611679991,-4.314051152750007,2.6842436138563146,0.9234002864143026,0.9134581535425615,0.9343648504493683,0.8730376737552705
12135.254261352478,-4.337593660211945,2.61728824959799,0.8972678644847335,0.9178906413111714,0.9377632440237462,0.8793999018419402
12244.842701593438,-4.47830697230726,2.8093012048395765,1.0582708366262517,0.8893335852246247,0.9157955315709718,0.8386814556453589
12355.420789515096,-4.604279274143931,1.753493925436663,0.708651041707791,0.9471504469480927,0.9600950407488407,0.921782487270518
12466.997462214558,-4.978999423870114,1.9484957518375685,0.6335738967899309,0.957302614020882,0.9678029322559756,0.9366425156832645
12579.58173749614,-5.547636840084243,3.9270589403255927,1.3516018888936787,0.8312684266890525,0.870574544032279,0.7579000367170103
12693.182714600227,-5.449669735940074,3.8287853358123485,1.3508569823749106,0.8314230167922663,0.870695966074809,0.758111465338945
12807.809574938614,-5.405432038130958,4.058035194663044,1.4901999899305103,0.8020892814481398,0.8475533300813365,0.718346647331963
12923.47158283661,-5.379486998315476,4.981420590664598,1.9119269777025336,0.7111552333273056,0.7744141999143144,0.5997173530289276
13040.178086281852,-4.458888019124246,3.6193630443268825,1.4230750059596635,0.8163159816190667,0.8588033390465595,0.7375431751575198
13157.938517679744,-3.8282356491975826,3.697006758759002,1.212222716384548,0.8596412271920066,0.8927665844688121,0.7970321743441086
13276.762394615822,-3.469824263320018,4.239848751325284,1.5069251499310434,0.7985219601626727,0.8447246122106697,0.7135596704744663
13396.659320625013,-3.622679727402231,2.4999462660062166,0.8809755380028714,0.9206108286936869,0.939846783044022,0.8833119755981971
13517.638985967726,-3.9851512036164163,0.8662023775045973,0.31293093542948225,0.9892364729257385,0.9919164444196258,0.9838982327100727
13639.71116841308,-4.546949738037712,1.8899931455530594,0.6705770208449504,0.9524138544109788,0.9640937739450431,0.9294768049595958
13762.885734029227,-5.542748498836222,2.358258511529163,0.8274309510466524,0.9293064234845017,0.9464969183261265,0.8958564164008542
13887.17263798065,-6.3000476562142635,2.6515623181104333,0.9336534652410181,0.9116962613645105,0.9330128612954474,0.8705129993427178
14012.58192533279,-6.839944578854321,2.9503308153546834,1.038583699323284,0.8929761974469472,0.9186073417549911,0.8438394483261711
14139.123731863927,-7.270999647301987,2.4835372968790956,0.9654766396961664,0.9061486588757035,0.9287516300820723,0.8625795903801063
14266.808284884291,-7.452995021161367,2.396199659640578,0.8340958243642105,0.928245025390629,0.9456860284838113,0.8943220644694839
14395.645904062698,-7.422185882620316,1.6080104366358414,0.6471218071238256,0.955539122099421,0.9664654978349286,0.9340555585053165
14525.647002260665,-7.932874982362191,2.3540114758588535,0.9495803451908823,0.9089345694094945,0.930892359834753,0.8665605855987154
14656.822086373908,-7.689330850676382,2.1084335428241863,0.8361003302454735,0.9279246142335509,0.9454411943433807,0.893859051961438
14789.181758181585,-6.746177675804549,0.5877761727953352,0.2047695617271091,0.9953626525807199,0.9965199694368818,0.9930520494864838
14922.736715203026,-5.332696604761183,3.260276252548805,1.0662812344782406,0.887840520576309,0.9146421715409171,0.8365703019610844
15057.49775156253,-4.5013757673076675,4.752812303707941,1.570697548522658,0.7848546911902318,0.8338577007161443,0.695318665043615
15193.475758861538,-4.2265655274759935,5.0807923070933505,1.9350848594170138,0.7061840229503246,0.7703505832836891,0.5934400211655201
15330.6817270591,-4.969305449546623,2.9278469943007064,1.0850137718220694,0.884324908991555,0.9119245206088166,0.83160633128762
15469.126745359998,-5.840940790244654,1.5344038921389327,0.48614822893220255,0.9744119317908965,0.9807469020791897,0.9618644859379277
15608.822003111041,-6.836462987484762,1.539775281004026,0.5215037624696603,0.970667906983448,0.9779192680099301,0.9563260947450775
15749.778790705293,-8.068092307809977,1.2340244561853817,0.4747348123205781,0.9755702952542594,0.9816211929785258,0.9635801665045842
15892.008500494792,-8.891385811783605,1.4233829816618684,0.5844062063703214,0.9634395445291706,0.9724523967075482,0.9456636638622548
16035.522627711043,-9.335113371862498,2.6896240219654377,1.0683544334839383,0.8874530822245191,0.9143428046101124,0.8360227643422861
16180.332771394313,-9.934489292592318,1.4396857231453382,0.5047656186448022,0.972469567029815,0.9792802918974933,0.9589898900988397
16326.450635330948,-10.684494246768137,2.1901564918201544,0.7401962260032352,0.9426165962327429,0.9566461134409339,0.9151717863616441
16473.888028999365,-11.56064795719907,2.8771095848083412,0.945178099911692,0.9097009011688396,0.9314809312640349,0.8676567253085136
16622.656868524402,-11.29277439474873,2.3987227060715615,0.8941613898661495,0.9184119001189848,0.9381626238389689,0.8801491087684186
16772.76917764047,-10.501681472714722,2.3093450579572927,0.8447932907699574,0.9265287697605035,0.9443743481149703,0.8918429093775753
16924.23708866341,-9.212337090528903,1.6590001784570312,0.5882149452269468,0.9629791419378918,0.9721038436856724,0.9449858829084581
17077.072843470916,-7.839384361078532,3.0331999537425105,1.008971757898173,0.8983807577822552,0.9227739608919114,0.8515117829001468
17231.288794492008,-7.310113176345278,3.4244902258531456,1.2497037551363834,0.8521307477973064,0.8869102566558548,0.7866098033613541
17386.89740570539,-7.58122325600296,3.8507721843675773,1.5423991595737336,0.7909309976457174,0.8386947941887054,0.7034089577992348
17543.91125364671,-7.068759892268353,2.1289713522932567,0.8162716413666934,0.9310698577144748,0.9478436400035876,0.8984075658952504
17702.34302842509,-6.174180585987056,1.5653102295250116,0.5322794105567789,0.9694806029455464,0.9770220004386161,0.9545719893410752
17862.20553474882,-4.914135211062957,1.9113455728483277,0.6609892175944988,0.9537023351458103,0.9650718201214166,0.9313636179924639
18023.511692960157,-4.08792765550354,2.554415906943136,0.8768007936473596,0.9213023877370796,0.9403762400986683,0.8843074729421082
18186.274540079612,-3.38378610907825,3.1681845709587617,1.1914693027006555,0.8637568407621022,0.8959703231246066,0.8027628199200119
18350.50723085963,-2.7998505416602875,5.66004329207594,1.8113436278076078,0.7328413898389597,0.7920589254714044,0.6273573414189159
18516.22303884771,-2.4595943109725287,4.855597525150174,1.5802436245994955,0.7828013387673086,0.8322209987587752,0.6925917907750534
18683.435357459228,-3.0317910730464166,3.6074331694078063,1.3550108765394229,0.8305606085974744,0.870018519645753,0.7569322245265876
18852.15770106001,-4.496699508817467,4.224690167806695,1.4913811244425543,0.8018376223584578,0.8473538795300121,0.7180085971545622
19022.403706058467,-5.437816015181023,3.4166037738787907,1.1993417889677396,0.8621993916113961,0.8947583996091497,0.8005925936711268
19194.18713200779,-6.137066125681002,3.680606349625025,1.2445785206754565,0.8531634028705629,0.8877162365869414,0.7880401167000827
19367.521862717866,-6.599135381907012,4.760515307386989,1.5661097268099344,0.785840915617391,0.8346434274302176,0.696629650952461
19542.421907377655,-8.010925846593043,3.8471510413509202,1.3425497995902342,0.8331451070014564,0.8720481921015457,0.7604680493475743
19718.90140168712,-9.078324327028326,4.200431349958721,1.3945629363371022,0.8223078762755268,0.8635268335654437,0.7456785922875615
19896.974608999986,-9.80267610440205,3.9656190721295985,1.5873932119597014,0.7812623964792679,0.830993623099764,0.6905504016324726
