freq,avg_deviation,max_min_spread,stddev,stddev_smoothed,iqr,iqr_smoothed
20.144928000000004,-33.02267610440205,10.765973861914723,3.895401264254323,3.4521439983607656,5.929246760420476,4.589717929552816
20.326848476550488,-32.73368029548392,6.928595776389663,2.7159371734662536,3.4254217310634356,4.919433569799395,4.464405234894072
20.510411801354817,-32.745554118585126,5.446036729778463,1.946984057820213,3.4038514813213103,1.021572305134896,4.34640634455232
20.695632810293105,-33.05947745461546,6.051699276339232,2.3770997826142684,3.3881637688871,4.136201943200632,4.238649732413859
20.882526473222185,-33.40189964579759,8.476462305837057,2.9579254763036644,3.3788301113477375,3.9134554413829434,4.143679997255841
21.071107895185406,-33.40420899344407,9.521489445278231,3.129648199951608,3.3760327074227385,2.5662313152868137,4.063439191634835
21.26139231763352,-33.062331876616355,8.325403234179024,2.7634016349005632,3.3796253674685355,0.933376071964581,3.9992198468936
21.453395119656488,-32.663494035372885,6.392704839104887,2.3450359795716986,3.3891393958200395,1.303023763348918,3.9515224079776123
21.647131819226413,-32.61000093984275,7.731504738948608,2.524480218085922,3.4037788206673825,1.8768468596266317,3.91998574438749
21.842618074451792,-32.908905822448254,9.210385122517426,3.117573998148252,3.4224936234896046,2.8303029551782046,3.90347601742016
22.03986968484299,-33.8870600442473,11.150686608754754,3.8758768134162835,3.4440300146038227,3.306005857272673,3.9001899159162963
22.23890259258916,-34.842655878845505,12.46393222670147,4.4206123183535,3.4670164210682515,3.6997379665371533,3.907807296091657
22.439732883846773,-35.77094396396441,13.129903137584108,4.718869556879307,3.4900039824510873,4.559096610586039,3.923677398925555
22.642376790039698,-35.82664416732378,11.175989660776942,4.067853620952505,3.511564470370861,4.409759423807561,3.9450128715197814
22.846850689171017,-35.60382327300927,9.633476379934617,3.39959111493765,3.5303533945423538,3.9988655134227145,3.9691071705911063
23.0531711071468,-35.09962563951054,8.072723027689758,3.0836885612509457,3.5451841793843943,5.317809506046885,3.9935722473940176
23.261354719111658,-35.010646196426094,7.7369143314238045,3.2338310480496384,3.5550932335344876,5.952775627955706,4.016510420127059
23.47141835079655,-35.15735014722,9.561597828463164,3.70211048745244,3.559402838798173,6.381814443561872,4.0367052010716185
23.68337897987862,-35.545824085029366,12.69706001621855,4.3881340194074365,3.5577260296013384,5.426013897784507,4.05360673810435
23.897253737353317,-36.02356515536755,12.602323219314691,4.166251640758387,3.5499829394810942,3.319710031850825,4.067355815153564
24.113059908919055,-36.443269833966895,11.771070749168924,3.9749810328689037,3.5364045268751623,3.651198693205437,4.078702718352393
24.330814936374153,-36.800792136143365,10.205232284170464,3.8030858617084076,3.5174974744015293,6.185353640090668,4.088905380483584
24.550536419026603,-36.75553810605373,10.327550216591007,3.922737041278749,3.493997936125153,5.134230806981108,4.0995610429361715
24.77224211511644,-36.400145533018744,11.183552093798795,4.154137273037869,3.466812349888913,2.6396083050467496,4.112375987155485
24.995949943250945,-35.721788506924504,12.096249170339306,4.596637327216212,3.4369552793199634,1.856109578323938,4.12894945916313
25.221677983852942,-34.705959247329076,9.637321443794821,3.661496983851943,3.4054541476517515,3.1128510744043965,4.150578128270674
25.449444480622038,-33.92832139378239,7.8842630123402415,2.875112949696174,3.373267518549329,3.312680209485741,4.178013880444229
25.67926784200908,-33.41100545127297,6.608900888230284,2.280655348936391,3.3412240453107733,2.720116419604082,4.211427428680059
25.911166642704014,-33.53584102791772,6.091913340427503,2.0174066131221373,3.309953640733382,1.3449875758816816,4.2503311402631
26.145159625137115,-34.03021482925156,5.902743989421275,2.2516738585817313,3.2798479905983076,3.7137859495906156,4.293535789062565
26.3812657009937,-34.91026655836383,6.9709272706527585,2.835157872054596,3.2510482351167305,5.154471500549157,4.3391594501924775
26.619503952742726,-36.1464469655134,7.191040855196704,2.724141995467292,3.2234330873032695,3.6636044307644156,4.384830359025305
26.859893635178945,-37.43537793784215,8.105030368145115,2.775615970605364,3.1966600104578986,2.6213886842445504,4.427802847934144
27.1024541769792,-38.77386330778872,8.243629770604933,3.5565277257284613,3.170240102341603,7.582719575786967,4.465229856901734
27.347205182272642,-38.443333298892796,8.508239230860603,3.3332322300009714,3.143617049735492,6.060158364563186,4.494326918386695
27.594166432225137,-37.66435543372344,8.396114533463866,3.2592207407232636,3.1161807897425398,5.57758086449585,4.512513346408663
27.84335788663808,-36.4348374813012,7.947238911451862,3.269895967236481,3.0874154724893605,6.337927199415198,4.5176048494863315
28.09479968556151,-36.61124881392334,11.046586844838227,3.9786120616048533,3.0570105748913434,5.271624680479249,4.508217154068118
28.348512150921913,-37.22130665026773,13.090740624797075,4.610261058050993,3.0248505232069975,6.171428955148322,4.483610562832418
28.604515788164658,-38.272336518371795,13.928290683777803,5.092325944418571,2.9910598158925676,7.673253925430473,4.443835865653547
28.862831287911234,-37.91893461862295,10.15083745101522,3.8635752423686225,2.9560118301363096,6.336041660340349,4.389729723858654
29.12347952763158,-37.07808453101401,6.016100819842663,2.2965041991298176,2.920325173518691,3.859883592485005,4.322814172277093
29.386481573331388,-35.736153788139994,2.134279876382621,0.994618208641431,2.884834960995483,2.0254727649894306,4.245311482037251
29.65185868125466,-35.092570719516296,3.940678218244763,1.4084034817968079,2.850511265830664,2.040063038079289,4.159972325789495
29.919632299601744,-34.958864641254685,4.494294291030663,1.9974751031521816,2.818371160507682,3.9242216367733462,4.069827744358418
30.189824070262784,-35.37435113859637,7.08080287418354,2.913014089737224,2.7894291217983254,5.739274193076888,3.9781075704814257
30.462455830566793,-36.22011567890806,7.896452121543049,3.3145319201615213,2.764617326720835,5.623963345166139,3.8880250295897683
30.737549615046696,-36.48664521946532,7.9765114783644435,2.9685474014346007,2.7447403897545906,4.193453432277039,3.80258253448634
31.015127657220063,-36.08442869171226,6.34834985536699,2.1708346968325776,2.730399079069558,1.6219928208653513,3.7244961137828936
31.295212391386183,-35.58286815042164,6.505513753482333,2.221333469929665,2.721971232559789,2.0379055994827553,3.6560107888791644
31.577826454439176,-35.4181770105289,6.676432661518376,2.279978979919006,2.719566987733088,2.5674054381159905,3.598811545740302
31.8629926876975,-35.64052311632433,5.5895684472342,2.110422829150678,2.7230843968506524,2.905640521681498,3.5539466350903095
32.15073413875014,-36.609584560828814,6.6219148558856205,2.2811719196376945,2.7322274671832165,2.082960286516318,3.5218283519788356
32.441074063319206,-37.093193648843204,7.897372103879334,2.565777995403704,2.74651206998095,1.3374893655441156,3.5020787606891934
32.73403592713965,-36.99048472246732,8.180822457882861,2.7064887434884213,2.765334595854866,1.9528991475451463,3.493840293162234
33.02964340785571,-35.85461845300904,7.545347487499484,2.6526868844028106,2.788012928030885,3.0985908124842965,3.495732033700544
33.32792039693453,-34.963869417173925,8.398149557570335,3.054968813282692,2.813856947606333,4.240722888398587,3.5059412996450927
33.62889100159725,-34.4001156840867,8.554864040504832,3.300951565677829,2.842218901651501,5.702177864634628,3.5223503910267153
33.93257954676729,-34.28724017944451,8.217218582851586,2.975859913117025,2.872556678237397,3.633722452937331,3.542701258097152
34.23901057703631,-34.34133564512032,8.06784498236081,2.756380625958799,2.9044321141693734,2.0166242894681616,3.5647753272651137
34.54820885864802,-34.56970537650852,7.310113421795847,2.622924886576854,2.937557241355483,3.003704087202685,3.586481079412822
34.86019938149979,-35.037101567783424,6.777453402782893,2.735460947155158,2.97179768241077,5.29051858615253,3.605977033024689
35.175007361162336,-35.182051051825255,9.279323012681889,3.5088475713056178,3.0071595694016233,4.769874635682427,3.6217163523217732
35.49265824091777,-34.93686218134978,10.299583316240081,3.835885923704032,3.043764261673092,4.470214888625385,3.632619539624432
35.81317769381585,-34.47078821937678,9.996228068653231,3.4855223421887733,3.0818101865671332,3.1529090659892773,3.6380384338807934
36.136591624749066,-34.783487053999075,9.865592592905351,3.478348027814358,3.1214926989663834,4.674849627899107,3.6376872710458605
36.46292617254614,-36.02927258196785,9.919701486516328,3.9283656421298634,3.162948059165883,7.172236189671423,3.631592268195922
36.79220771208477,-37.411406743404235,6.401145686433999,2.565867776078936,3.2062159090792,4.659963818340827,3.6202212484478555
37.1244628564232,-37.953962713379106,3.1674930709980984,1.2476675931005985,3.2511455384640393,1.9433097981312955,3.604126457596913
37.4597184589511,-37.487471168095894,5.887268499174418,2.172211130308579,3.297371335274637,2.080873863126648,3.583960921995505
37.798001615560025,-36.21681997838732,7.726983669837807,2.9176850653246644,3.3442804435528957,1.5752316842659653,3.5604060778462467
38.13933966683323,-35.060724962323434,8.096909898378009,3.029258549752961,3.391027032245097,1.9778307293314157,3.5339928823128925
38.4837602002554,-34.087972800559044,6.6419052343686005,2.685195325898528,3.4365398825854467,4.29950688692006,3.505091568234122
38.83129105244237,-33.960424662566076,8.35049261104978,2.871980282703266,3.4795797330096945,2.7302529707309766,3.47386756124248
39.18196031139089,-34.38124295906169,12.14480640367399,4.224639176954572,3.5187639621307847,3.0052568516448304,3.440182996474122
39.535796318748694,-35.41625964277747,15.73437752502888,5.65506531560812,3.552654924099106,5.324043554394496,3.4036028031736145
39.89282767210521,-36.49493081890901,14.90994650126638,5.418727573207846,3.5798321008039684,5.0282750857320835,3.3634292626016653
40.25308322730284,-37.45755267336365,12.48526116690924,4.571638936200648,3.5990054591359106,5.181374354559765,3.318760139192045
40.61659210076902,-38.27564899128792,8.396992726156938,3.0350670676073026,3.6090573387092433,3.926131932926431,3.2685714360824503
40.983383671869625,-38.44136551610029,10.02151037576732,3.198597641141103,3.6091101943095127,0.7864422024290505,3.211786606140638
41.35348758528338,-38.44603345868602,12.239219480889716,3.9885533095098715,3.598556588633752,1.2009564556761347,3.1473364717297483
41.726933753397745,-38.29544667702883,14.810277055429218,5.1750272788121,3.5770741826352523,1.5921003712227986,3.0742654606405626
42.103752358726524,-38.643482620282285,12.478600722754535,4.424830708012059,3.5446203942635934,3.073069399000431,2.991786691450537
42.48397385634931,-38.704983796743534,10.76207379455849,3.728783245983996,3.5014460778096197,4.219496812115139,2.8994529291451028
42.86762897637286,-38.37630431206489,8.091460266983013,3.4237076242983457,3.4480548808792957,7.012532929354101,2.7971785659863726
43.25474872641472,-36.109120118888896,9.396465682595753,3.2961304636962407,3.385157387094858,4.154859728771868,2.6852929776699477
43.64536439410938,-33.17741311601189,9.626723112802228,3.508645683955171,3.3136381402101502,4.740488626943652,2.564534532761924
44.03950754963699,-29.55491586669107,10.46818151381392,3.4616569667598514,3.2345109920221335,3.184687637386798,2.436051542366504
44.43721004827479,-25.737468969487672,10.323843066948434,3.321671328121373,3.148872150804787,1.8017936931768155,2.3013921574123457
44.83850403297189,-22.1160128422188,10.048922039130215,3.212405960823943,3.05785617263434,1.4525400446934782,2.1624372783750796
45.24342193694701,-18.75650463572281,9.68412367317648,3.1106155583566433,2.9626149712153547,1.3280288495544532,2.021306740210912
45.65199648630971,-16.075954697064613,9.193778753314907,2.9888533756119195,2.8642834317511925,1.2035176432305814,1.8803053033517265
46.064260702705546,-13.734550434318619,8.640838205016305,2.8533775787817253,2.763942215593691,1.1045527151250596,1.741718363524705
46.480247905984825,-11.770410686375088,8.018284898214205,2.68651652643229,2.6626089661407617,1.0380599459971425,1.6077490155220422
46.89999171689552,-10.257266474252258,7.333147954431778,2.463862115644211,2.5612205302723923,0.9213223079422672,1.4804606749276983
47.32352605980066,-8.943755148546535,6.749356596120309,2.268016878063802,2.4606178021712806,0.9036536556196317,1.3617078451621771
47.750885165420144,-7.848704752441057,6.300592902175391,2.11237027164197,2.3615539582531793,0.7559349382905021,1.2529814134250787
48.18210357359719,-7.027687224679882,6.022808722805218,2.021023946023676,2.2646730392951,0.6055281605989329,1.1554285161762117
48.61721613609002,-6.286880157463891,5.7879675885431885,1.9457429300770024,2.1704930192755154,0.46632108247922055,1.0697695356401458
49.056258019388665,-5.626020163639442,5.593834691288718,1.8852728756741157,2.0794182745977525,0.403481496635405,0.9963716112345196
49.49926470755708,-5.002137264241467,5.451412068299598,1.83495704687488,1.991763833946579,0.3590089351682746,0.9352940623316612
49.94627200510103,-4.362206604306054,5.267132762242749,1.7656803468326996,1.9077067378967656,0.3368164154995381,0.8861892682597313
50.39731603986195,-3.6980616855810564,5.0237169753723245,1.6717233344502453,1.8272996186568882,0.37296993881518103,0.8483850404902822
50.8524332659368,-2.9797587717641787,4.891294593668225,1.6155426134591138,1.7505338470967722,0.49304798537600725,0.8210132148177864
51.31166046662429,-2.2586199644247786,4.743100955789794,1.5642835218310496,1.6773163206370265,0.5650632137570086,0.8029870857859854
51.775034757397876,-1.5388254249039344,4.563830424796039,1.5129585010207702,1.6074772888084325,0.6296033449937029,0.7930684726176687
52.24259358890546,-0.8270266273472802,4.424517281751129,1.467458520420224,1.5407805087319368,0.6964409017947896,0.7899893419317636
52.71437474999608,-0.09573029088274286,4.219829788642692,1.3990385161679515,1.4769492590066635,0.7630641090959668,0.792356438082735
53.19041637077429,0.6621336327786667,3.924783629857673,1.3002265518380534,1.4157056424342773,0.8296873163971414,0.798783935428485
53.67075692568173,1.456254662498364,3.7609903767941644,1.245737787652433,1.3567920223592997,0.8343809278704042,0.8079806321732015
54.155435236606706,2.2349086933644053,3.62820982129632,1.205711680853462,1.299958450150195,0.8343809278703986,0.8186897616608548
54.644490476021936,2.98927618311161,3.5235160776938246,1.1811168417621938,1.244999385234388,0.8343809278703986,0.8297814091044606
55.137962170150445,3.6886173322214946,3.50565593897607,1.1818608109597846,1.1917500183432395,0.8343809278703986,0.8402627319400151
55.63589020216014,4.362215971755295,3.4471845740196674,1.168575864442476,1.1401403094092912,0.8618021578632984,0.8492547514932111
56.138314815387226,5.00698878138057,3.3250201475428023,1.1350625978683488,1.0902096934112655,0.9602372604142841,0.8561362794358751
56.64527661658882,5.6088934963655595,3.3159355130885473,1.1429771863066736,1.0421316684885635,1.140503469684373,0.8605006171599403
57.1568165792248,6.159396793120271,3.272196337095199,1.1422039764969314,0.9961578720753056,1.3023830007458823,0.8621934563478444
57.67297604676925,6.644925453339531,3.169197632336722,1.1237819931898245,0.9526430556288616,1.4332828795316335,0.8612881375215904
58.193796736052086,7.288840285065198,2.8128190572825176,1.0168121677112485,0.9120436868346358,1.4177425657744687,0.8581777558157282
58.71932074063057,8.107436703902112,2.3036800844766194,0.8517637625494688,0.8748942266364446,1.2640641101230479,0.8533747153322891
59.24959053419133,9.14672944342094,1.6145032274195348,0.617166298784781,0.8418001345641511,0.9382501351866654,0.8476946833268643
59.78464897398328,10.349463291527234,1.250620137090623,0.4720650724981764,0.8134006428558194,0.6286676001342251,0.8421223945150934
60.324539304281366,11.476703602003246,1.0469919695070562,0.3906431151778755,0.7903443240937477,0.45920686040422076,0.8377938716331972
60.86930515988151,12.480898933780313,1.0056622562890851,0.3808458773507777,0.7732639816985837,0.5010581149320643,0.8359711846330113
61.41899056962746,13.178852387387112,1.0708186305328127,0.4009485194377781,0.7627491603453926,0.5576592489969165,0.837973872453808
61.97363995996914,13.825936167903237,1.138712400344133,0.4292445816227344,0.7593197401689751,0.6434481086063872,0.845109419466433
62.533298158553215,14.43949648136574,1.1975132288178028,0.4669578529785727,0.7634064875148722,0.7679594311871529,0.8585998373673379
63.09801039784628,15.220464626982755,1.2023461736238517,0.47148011903240267,0.7753340447819812,0.7790309341938286,0.879508008140076
63.66782231879057,16.00971582583512,1.3311629304915158,0.4862055398342407,0.7953096216273611,0.6534423369884976,0.9086644000728127
64.24277997449262,16.789581153830515,1.522296563403284,0.5207158424729134,0.8234165592908017,0.5771713464181119,0.9465962260105147
64.82292983394547,17.775118850851584,1.7134311248175216,0.5674077283371765,0.8596129176073601,0.4735560806120098,0.9934639553738885
65.40831878578436,18.868695378829,1.917331249476785,0.6192741555436293,0.9037354922932265,0.33216130209301653,1.0490276083159085
65.99899414207637,20.0879951776985,2.1392355151843496,0.6816264580851746,0.9555051714096113,0.19601765034222396,1.112622791378121
66.59500364214404,20.930006257272783,2.3250352152706135,0.7441273574439742,1.0145366292349562,0.31479168869695684,1.1831642821808732
67.19639545642404,21.313833674704632,2.53494329045175,0.819218405371162,1.0803510788958168,0.4530339154484757,1.25918835360861
67.80321819036027,21.096756660588152,2.7839652377519144,0.9123242637388634,1.1523867626447493,0.7020558627486508,1.3389277241475812
68.41552088833203,19.867822286275402,2.9722310639246885,0.9896633037430798,1.2300117123891317,0.9552389526641996,1.4204111989125108
69.0333530376182,18.231772024446528,3.207674003547069,1.0906557311458704,1.3125150866781161,1.2581176692042213,1.5015789212661514
69.65676457239668,16.1522422088217,3.519146849727715,1.2270575685749654,1.3991349867935838,1.631650831762851,1.5804006063850768
70.28580587778012,14.174619523292204,3.826468520746218,1.3737174996506043,1.4890765893319597,2.0540652249461804,1.6551163531893256
70.92052779388827,12.124094364075432,4.19742276529206,1.5558266161941476,1.5815173094025912,2.5654620793323915,1.7243077829017799
71.56098161995689,9.953659874907839,4.660917941317162,1.7878085351988688,1.675607606573519,3.1984491891171096,1.7870675400158795
72.20721911848372,7.295222820877293,5.301753414188497,2.1067477715489336,1.7704505598675189,4.015168758666057,1.8430005858380014
72.85929251941222,4.797983707370225,5.780752531117794,2.306576366598117,1.8651259670215998,4.324153456350398,1.892368806335475
73.5172545243528,2.6075746811093357,6.090531986739009,2.3568600562535997,1.9587147304643322,3.773694072111908,1.9360711969653512
74.1811583108421,1.6641885355291903,4.659336900113199,1.7653926227623957,2.0503062799492535,2.6796848688544763,1.9755943189885752
74.85105753664104,1.3025870529227053,4.2222514743768125,1.431615881824322,2.139015578619161,1.5238696774131926,2.012915246689714
75.52700634407155,1.6055320275521168,4.605398396973975,1.6561574390931608,2.224005382028415,0.9420535391051703,2.0503683492562166
76.20905936439239,2.0630631764268843,6.72685693878182,2.172014769972592,2.304514350824168,0.7079198068688344,2.090470380554405
76.8972717222144,2.6097408946709084,8.498454416408004,2.709177195213779,2.3798895943575245,1.0771370766901813,2.135738614653472
77.59169903995598,3.264132569916193,9.880328074493564,3.176946951247608,2.449613544037261,1.3322864057482544,2.1884961520903192
78.29239744233854,4.299569772837726,10.301714274819714,3.3327930551627056,2.5133300629641537,1.272918630207311,2.250688963772018
78.99942356092234,5.513519583153367,10.411225150073022,3.383724602043721,2.5708579612737483,1.1437664060236035,2.323720917583078
79.71283453868392,6.93224229332815,10.210704317977605,3.3275332230581025,2.622200101129882,1.3297357322808487,2.408359172746308
80.43268803463428,8.535300803847084,9.847161637012025,3.214159749182889,2.667533060189285,1.5238199646688493,2.504650537023483
81.15904222847887,10.186195781372875,9.4722588386897,3.1108893914047147,2.707182077493198,1.7594135284335835,2.6118516478466756
81.89195582532001,11.878323924337513,9.107460018571004,3.0312623310385836,2.7415818214227143,2.0750593530952806,2.728468033343089
82.63148806040144,13.232933891158206,8.535260220554303,2.8963633200976036,2.7712251117052324,2.4712177745829234,2.852304588422777
83.37769870389562,14.183124674989278,7.879431314105053,2.741702111877396,2.796604303909703,2.8141683921246603,2.9805615617876
84.13064806573476,14.577729234446808,7.132366584916992,2.5631150828478555,2.8181480639144394,3.069969228177925,3.109951737090038
84.89039700048501,13.951153050656004,6.501218578425986,2.448118167283497,2.836162820443117,3.48925310472978,3.2368461867043026
85.65700691226475,12.934332196475376,6.076009798134921,2.377300203356174,2.850783546246945,3.845893820432602,3.357433567444405
86.43053975970741,11.501320313600107,6.009386590833743,2.3541493920635475,2.861940641165252,4.013690584473062,3.467877140653103
87.21105806096924,9.989815658654111,6.061928963715101,2.407670351219351,2.8693482876180934,4.3481083666118945,3.564482075305486
87.99862489878193,8.462172262699987,6.20014433399999,2.5310567702431537,2.8725145986813465,4.815295794475525,3.643853991263538
88.79330392555104,6.923942777127032,6.878374685760516,2.743286940659798,2.8707754063315387,5.027288141325751,3.7030382159353645
89.59515936850067,5.202452335081379,8.376098155788029,3.1371684409856595,2.8633481692971667,5.068988518380834,3.7396434370095837
90.40425603486429,3.3023284552690955,10.19008136033384,3.67195970010075,2.8494011670660533,5.297294799559148,3.7519392937784497
91.22065931712247,1.1588010562697633,12.401691328557849,4.373218036481969,2.828130156784977,5.788169577640128,3.7389308073047554
92.04443519828821,-0.6459888786037238,10.924997248222436,3.9268669441912363,2.7988419232625317,5.7316786854058765,3.7004252757173255
92.87565025723973,-2.0153109931256203,7.839367751877139,2.846508597892505,2.761027176466964,3.3034585687207816,3.6369983808102155
93.71437167410124,-2.7672540055002863,6.112265617815445,2.2170781909574355,2.71443231207437,3.2814215385641337,3.5500002898063174
94.56066723567295,-2.8098924444687543,6.690452105159954,2.5714796600832006,2.659108225197236,3.792579316725651,3.4415286686903297
95.4146053409095,-2.266953503506602,10.222130087521913,3.800989973852173,2.595431175056901,6.2433848279125215,3.314291388476194
96.27625500644788,-0.9391058504369663,11.54037154606618,4.096744602793938,2.524101662444383,5.409092445666706,3.1715062956681184
97.14568587218585,0.5298647491996894,9.616264875285996,3.3811881811145925,2.446123792250554,4.23719505242993,3.016755903918475
98.02296820691015,1.7796931979830115,7.661383666436995,2.65575829377213,2.362764114898915,3.0977674519796317,2.853850054122279
98.90817291397563,2.6514291901089653,6.3191380431069835,2.1451477222878244,2.275483277376743,2.078991017761168,2.6866453913295776
99.80137153703589,3.183670783815333,5.463449853258749,1.8138100191512392,2.1858730159490443,1.1860353359658506,2.5188585427383243
100.70263626582567,3.575982289708508,4.746584959429214,1.5549816132092125,2.095551312483127,0.7184679024945422,2.353892203318937
101.61203994199519,3.814625941752217,4.150757980828071,1.3564607456890903,2.006118671255362,0.45246172371519755,2.194820683114192
102.52965606499727,3.8426927962007316,3.943634611881965,1.2831162985059315,1.919084967442531,0.5175129157152751,2.044213387975882
103.45555879802767,3.902607392556132,3.8694204737258726,1.265821390338699,1.8358321823900052,0.8120485185137083,1.9041692396260688
104.38982297401951,4.059529764998942,3.9267871132854935,1.296381425855164,1.7575567423645626,0.9931445399282084,1.776265647833841
105.33252410169074,4.341417623167903,3.8751944146167565,1.2445831266569891,1.6852585952763595,0.4297817051979056,1.6616118446784758
106.28373837164712,4.700443968124743,3.8780791511221873,1.2423037655546567,1.619737562601121,0.4738667721320873,1.5609356696814194
107.2435426625405,5.157836264316576,3.994115695771021,1.3850970207043964,1.5616155048342582,1.7686509426534514,1.4746411194307956
108.21201454728156,5.948479699498554,4.198935573681075,1.5045909549674168,1.5113615940655247,2.216842918506118,1.4029727154396159
109.18923229930968,6.748337574592884,4.27266981652499,1.5311329605061281,1.4693239086967789,2.2512005234861396,1.3461123774600217
110.17527489891953,7.487557263542394,4.11021862317106,1.4258241730475218,1.435766374442113,1.7963110113047511,1.3042716128579126
111.17022203964366,7.8191438898323185,3.8211184205458864,1.28955983659995,1.4108994748560546,1.3543379949261674,1.2777625174960787
112.1741541346938,7.911360029917661,3.544678609545559,1.169894289591764,1.3949003646762743,0.9500893589942798,1.26703062288253
113.18715232346032,7.701112520633248,3.3188641127565743,1.0844211458376527,1.3879230488624785,0.6055003659454794,1.27264139014247
114.20929847806944,7.243218332624736,3.2576218300562108,1.0666810709101167,1.3900901608270235,0.5242285156461071,1.2952236672110538
115.24067521000048,6.711086278667953,3.2340261380852695,1.061586692324832,1.4014735002252274,0.47409672886983945,1.3353829799107007
116.28136587676305,6.113981452594729,3.2340261380852695,1.0616947860797494,1.422056093013405,0.34958580725658095,1.3935761327641518
117.33145458863352,5.744099512993672,3.2340261380852775,1.0518959430114319,1.451687335003541,0.36879592825254104,1.4699615220905806
118.39102621545317,5.407545972603828,3.3102808679772444,1.0768718732285603,1.4900326493679434,0.5209347012897902,1.5642543181784898
119.46016639348794,5.07135221596699,3.515365957318221,1.1721737526147293,1.5365253416474225,0.898357643953573,1.6756086676106896
120.53896153234894,4.407101891039234,4.048349327680161,1.3475899597360261,1.5903239691885063,0.9633477783279325,1.8024834625829476
121.6274988219766,3.9101619729463515,4.324093556694234,1.426585907142882,1.6502930716907127,0.7327186514610227,1.942561452423801
122.72586623968783,3.781164108056927,4.078723811129027,1.3948476495846527,1.7149953759942058,1.4822483652952458,2.092770594777125
123.83415255728582,4.749817493307952,3.2174292404645186,1.082181522806448,1.7827177144960091,1.1604377415648717,2.249321538337752
124.95244734823497,5.761954813718091,2.553822756446098,0.8429169211757582,1.8514911515903891,0.3647560360219222,2.4078176185828433
126.08084099490085,6.564223524352668,2.8443323024560137,1.003246810603859,1.9191640987453011,1.3305350182062012,2.5633528670030925
127.21942469585424,6.736223881675445,4.1323532938743845,1.5127305173746979,1.983503431780112,2.2908653797609295,2.7108175440903572
128.36829047324233,6.531542910230411,5.7439637654903075,2.1505629386975307,2.0423092831638954,3.2688031262560218,2.8451029986413525
129.52753118022648,5.841839400180767,7.921026676116474,2.8947199190483084,2.093544136980084,4.132822900054691,2.9614434096550664
130.69724050848598,4.387084119669948,10.077216313282605,3.712332658163249,2.1354177370316756,5.659608136469992,3.055568204865917
131.8775129957909,2.739152259852424,10.97857415928873,4.249677406158222,2.166474613444471,7.655317896028347,3.123979095883735
133.06844403364263,0.9623641544156989,11.281488157513538,4.549945688451315,2.185696178204057,8.701157250066988,3.1641525109259874
134.27012987498347,0.4759055295975253,10.240086935108923,3.8862649244259244,2.1925563308897678,6.21571967985725,3.174679265779433
135.48266764197643,0.7213877529975989,8.124191427499948,3.174949809079138,2.187023644057964,5.501477574135528,3.155273782415275
136.70615533385407,1.895752604788109,5.85808670185107,2.1999940015754516,2.169539813878397,3.2940820852752632,3.106798680527737
137.9406918348392,2.9444767907134066,5.337110915076189,1.9560257601286166,2.1409691314980623,3.007169631982071,3.0311621267034443
139.18637692213758,3.829271879397796,4.981120266047505,1.808284038844774,2.1025473244147865,2.6996899546446893,2.9311829457074716
140.44331127400085,4.4587665830562555,4.417884101271999,1.6560015135901738,2.0557882029171086,2.4347599076497657,2.8103976466931275
141.71159647786422,4.951473998326506,3.5393495485897764,1.503989256718184,2.002389447230837,3.135143001256558,2.672851294512374
142.99133503855725,5.399484884104234,4.029593290052941,1.5221035592886243,1.9441317475080029,2.494888536653958,2.5228347936232933
144.28263038658758,5.8075941794303,4.585525156598016,1.6870333231686954,1.8827952658345923,1.861251561036613,2.364686528170552
145.5855868865008,6.384964856922401,4.959971135640734,1.8109651974108179,1.8200919401365483,1.4838627668228028,2.202633431453892
146.90030984531586,6.863812019738105,5.128501927274202,1.8574955258119776,1.757615576916322,1.2271483885898746,2.040584086587587
148.2269055210351,7.113563566524552,4.979479859056315,1.7800853737189422,1.6967997392840655,1.1113732461304409,1.8820401736611596
149.56548113123281,7.007571840171586,4.555059263083183,1.6044739534501078,1.6389003715613535,1.1253822941173537,1.7300172588982063
150.9161448617211,6.97341712011767,4.12944518678365,1.445788219526303,1.5849783761676028,1.160556308403474,1.5869837508194011
152.27900587529274,7.180066291595016,3.786680273536076,1.3384609020947826,1.5359209141641126,1.1383920149825721,1.454908700246501
153.65417432054437,7.614717571376283,3.7363723117091183,1.3487647290215132,1.4924481517932804,1.028902621797478,1.335304395295139
155.04176134077926,7.948213242428592,3.6577018595690083,1.3547446745639398,1.4551073898976359,0.8792703532958841,1.2292381727428758
156.44187908298926,8.023572762002985,3.4620543815103186,1.310813108926062,1.4243187407405604,0.655753508220581,1.1373633448458398
157.85464070691907,7.5784028900388885,3.1381316839166233,1.148843400411997,1.400397444402612,0.2139464712938688,1.060062827045559
159.28016039421257,6.953449859069926,2.556236674942668,0.911975724662941,1.383547008388645,0.49440458914252705,0.99746735575499
160.71855335764013,6.163720789878707,1.5890894668561018,0.5876093187389022,1.373853039466319,0.8719815904630712,0.9494549724666008
162.16993585041075,5.81785297219341,1.4528446985187777,0.530517568519374,1.3712944843569426,0.2848920359455205,0.9157557596105677
163.63442517556842,5.689978410116206,2.629446974328264,0.886923663487029,1.3757852440229017,0.19551648825304557,0.8960056478073541
165.1121396954717,5.82259904476057,4.0574769053345525,1.3133827762866388,1.3871618954265754,0.43352190113309597,0.889686943640893
166.60319884136038,5.847416311897238,4.778786832934024,1.5307209804911635,1.4051975427152068,0.582531754448155,0.8961867669448319
168.10772312300872,5.6958099363384385,5.204025318702481,1.6593415030904066,1.4296093936556225,0.652522671060777,0.914825482509419
169.62583413846414,5.247935940007414,5.31080534839975,1.6932802991914386,1.4600748746185068,0.6147132871841023,0.9448233335370739
171.15765458387557,4.408067993901199,5.155918492459726,1.6444344306421133,1.4962473080515921,0.48791627172358876,0.9853599706147934
172.70330826341038,3.539103696666206,4.707862073262374,1.5127859121194231,1.537762454011566,0.482735577469116,1.0355360297912561
174.26292009925945,2.7512012674005755,3.7928642995533726,1.2502376956862282,1.5842483636529008,0.5402473298304602,1.0944544808593497
175.83661614173417,2.135749699450288,1.8192205589834303,0.6993043373136556,1.63531992953332,0.44162218362809713,1.161072139229657
177.42452357945402,1.525223738555189,1.4758793894986484,0.5184205863119472,1.6905736379622407,0.654638633048716,1.234343576880127
179.02677074962585,0.8626968172246994,3.5272889980586446,1.3047561932511575,1.749574246423955,2.0926880071675873,1.3132194005686282
180.64348714841708,0.7836351902563881,6.628004866250846,2.39198534584009,1.8118483190482724,2.3674857968805343,1.3966329513106608
182.27480344142063,1.311900691029114,8.3268670433713,3.0634411665722907,1.8768556916005907,2.2735605828508696,1.4834278895099873
183.92085147421614,2.8035572896464083,7.244595095963879,2.7004527021509444,1.9439791918562166,1.6674326076205306,1.5724698835453068
185.5817642830265,4.508825444120741,5.778245881118353,2.1689977994699503,2.0124955795162767,1.0807887855228717,1.6625591338340444
187.25767610546885,6.040159052293308,4.615458122487148,1.7371890956665295,2.0816065171658646,0.6649116055233968,1.7525511194305026
188.94872239140452,7.151894523044482,4.106461545295652,1.551406079717334,2.150428185960552,0.9962022166536721,1.8413341685085778
190.65503981388682,7.33740551965798,3.742046875577424,1.4589240581699665,2.218007094487056,1.4722041375068384,1.927842957849878
192.3767662802061,7.053932030349021,3.628253646049786,1.4203118251586757,2.283372422893715,1.9845937811908838,2.011152995694273
194.1140409430361,6.200137972106648,3.4389445854734326,1.4662024416707384,2.345611533681859,2.7367450046073376,2.0905997478338225
195.86700421168118,4.786643221672539,5.3207489365017455,1.9846514643556323,2.4038826955999033,2.95250951193899,2.1656154409214277
197.63579776342317,3.274509886251098,7.8359996346762415,2.7866919402346833,2.4574670011783657,3.298994187827818,2.235894255411374
199.42056455497266,1.7851753785072548,10.880329027279334,3.867011337635142,2.505869305797308,4.03549983547124,2.3014829216988124
201.22144883402342,1.0713091487791675,12.29026738656231,4.308563888908749,2.5488680403323625,2.9767596603921365,2.362741477662375
203.03859615090968,0.24190649056708205,13.058072911581688,4.55493990909953,2.5865769524997066,1.803152674285434,2.420385282030936
204.87215337037023,-1.1296179966758675,13.191975589303649,4.589408151974606,2.619456945018334,2.4756922968222175,2.4755851776193833
206.72226868341895,-2.1976983633823415,9.150875034396963,3.1250120435978332,2.648314625447311,3.3512959733162972,2.5298875441263418
208.5890916193206,-2.861431134491152,4.560111112491875,1.5820014261186992,2.6742733286765117,1.8486624942505556,2.5851324176207298
210.47277305767656,-2.8311572986123634,4.111960444221904,1.4560784934065845,2.6987091890798403,2.0307920243212716,2.643433879229345
212.37346524061994,-1.8825782580957418,6.595235144308435,2.3922931754646357,2.723167315799012,3.5277318972023477,2.7070641077643636
214.29132178511858,-0.565959110774493,8.743695098030607,2.9723486720492156,2.7492599478844326,2.841238150329687,2.7783144441393377
216.22649769539137,1.1173725141015298,7.435616355900697,2.4423961862127532,2.7785562771209733,1.6261475292762553,2.859386891421038
218.17914937543662,2.221993274458823,6.761378356820751,2.3565497996426066,2.8124674949971573,2.843143929035068,2.952238100096712
220.14943464167143,3.0193196940573817,6.369331695283474,2.382278429941755,2.852130392087615,3.5966172141356525,3.0583711836096343
222.1375127356875,3.431653279158347,6.790452717052991,2.3438599581494137,2.8983551398793788,2.3215910457964215,3.178804019361409
224.14354433712177,3.072420543639778,6.629830730448454,2.2194222136900033,2.9515429123124184,1.6776393709932984,3.3138851168420382
226.16769157664163,2.349013247372712,6.217806003821472,2.1254541094415074,3.011697945969053,1.432109651527488,3.4632072091283335
228.21011804904916,1.206927962971501,6.068549020223758,2.1275990385791252,3.0783872663660667,1.594210445199252,3.6255687906330154
230.27098882650404,1.3416011099053555,6.47808453918591,2.093016092704123,3.1507757155066365,1.1746439761433762,3.7989570263972885
232.35047047186245,1.9414038630281745,6.424226330154103,2.4687092402005018,3.2277060430471796,4.105928531737078,3.9806197808472166
234.44873105214194,2.944219812197201,9.246263115265936,3.1311552355353083,3.3077601853071372,3.398495637624487,4.167173794190338
236.56594015210345,2.942581967551706,11.15582625552185,3.7598659595540567,3.3893412249321835,2.9198124072425538,4.354719262358925
238.70226888795605,2.508521308886546,12.515533591191598,4.2937899978438026,3.4707297856237957,3.973923627040925,4.5389823353668355
240.85788992118992,1.619993991279348,13.130136329348895,4.654518365313985,3.5501831876343344,5.634941644911404,4.715595476267128
243.0329774725284,0.8444658265639633,13.923376785180047,5.229194739886331,3.6259907875145885,7.723413481055044,4.880274646711097
245.22770733600981,0.7030757986253567,13.926195669497286,5.50365468632841,3.6965206290355304,9.314386393334654,5.0289898456075415
247.44225689319626,1.8625799405716772,12.157747655495164,4.933220758470477,3.760247050358565,8.94346150290124,5.1581336859810145
249.67680512750817,2.84304099248263,10.075109766025292,4.166000140111576,3.815741459214924,7.9562072986499945,5.264656326687486
251.93153263869095,3.3009777660915627,7.453847916758956,3.145723452229685,3.8617009257232353,6.362817921936013,5.346266543793591
254.20662165741206,2.719046780323797,3.946447327148233,1.699209881244865,3.8969625900544167,3.635396418922077,5.4013386523393025
256.50225605998764,1.2434913752244712,2.7071806654278676,0.9806048441906747,3.920492812456655,0.8432435017807967,5.429016174776105
258.8186213832444,-0.35665014276626755,7.544407921343971,3.0643844597567775,3.9314320918821295,6.047027061567407,5.429194663475152
261.15590483951604,-1.7897168701134418,15.758102725476098,5.74313665402865,3.9291243502075823,8.592407453312372,5.40247577173287
263.51429533177196,-1.9845792194247127,18.63096752700847,6.667268076304901,3.913153319189536,8.754204938910787,5.350115111272926
265.8939834688861,-1.660526520447163,18.169707284717347,6.606670098862406,3.8834127744201017,9.656624022669671,5.273981727415277
268.2951615810427,-0.8184153072661997,15.179719363343349,5.571486024293236,3.8401600874643123,8.160433035771785,5.176365237432668
270.718023735279,-0.09212159951111518,14.352852574767585,4.771388426972443,3.7840556873224385,3.6416136658573586,5.060068228157567
273.16276575117126,0.823834105584658,12.521162134327747,4.133206508849921,3.716183246630374,2.061978018200347,4.928209620736155
275.6295852166618,2.2189825016697085,9.917570329892694,3.7057234872113085,3.6380587738674253,2.9371479015518,4.784161984875733
278.11868150402654,3.6990399369076385,9.874951591507012,3.5324455648169084,3.551628694058836,3.290632817117437,4.631524659910447
280.63025578598985,4.909416930207262,9.472732406802702,3.4389461048808947,3.4591639306328554,4.3916277451946755,4.474066108150588
283.1645110519841,5.4728329751278135,8.512106068263776,3.325309749592691,3.363222202768574,5.663205882368839,4.315509856022963
285.7216521245541,4.650933755040322,7.5289292341369105,3.243254768540677,3.2665553952720616,6.252696695543051,4.159691341951376
288.30188567591193,3.158196434708004,7.568908944221548,3.268948592617169,3.171983068344411,6.32450723634344,4.010259344689204
290.9054202446415,0.8940565333182402,9.252478244258304,3.4527081305497833,3.0822473772621066,5.594002610237148,3.870661528050553
293.53246625255116,0.302942310884532,7.335512080122909,2.677731982564691,2.9998293522989754,2.330400683860444,3.743915700969507
296.1832360216812,0.28210186151270966,5.483931217025479,1.9817755045921654,2.9268742097432803,1.1427555437871033,3.6326383367182733
298.85794379146483,0.6441615017773897,1.927278507676392,0.6553725862957454,2.865055215314392,0.6999751193182697,3.538834353252638
301.5568057360419,1.1279462553428927,3.1924115958472776,1.106815164716485,2.8154798785989685,0.622272475192714,3.4637526912586485
304.2800399817309,1.9384508004791299,5.266903804957339,1.7329820523907873,2.778643278882938,1.119280614802465,3.407955551308183
307.0278666246599,3.431333792990489,5.139656714529561,1.670515514237069,2.7543915843747317,1.1943778687466553,3.3711185236311794
309.80050774855147,4.630139016373601,5.897708802184823,1.9452009474495813,2.7419284257594185,1.7104885454970962,3.352110215370528
312.59818744267574,5.411957317738432,6.771651520519383,2.433369565830131,2.739863496134154,3.423452030536407,3.348941597827051
315.4211318199601,5.395061433888938,8.354685143327815,3.0679997145393814,2.746323361185628,4.784238999901694,3.359062505807923
318.26956903526207,4.827135666313474,8.376304467220839,2.8981676636710514,2.7590692312640894,3.30295795797581,3.3793846801064285
321.14372930381285,4.122984181640723,8.266425304714655,2.9291077601719886,2.7756001000103367,3.177911595285823,3.4064730694672876
324.04384491982063,3.4216286968614513,7.679203073105794,2.7094109428923567,2.7933228534558605,3.0766076157026783,3.436751920821771
326.97015027524617,2.38357461129871,7.008785657689809,2.491515275576999,2.8096976181835966,3.4380409180823586,3.4667004744260077
329.9228818787476,0.8078843156244115,7.697502070491078,2.6846852765096934,2.8224209782697804,3.2988063379570454,3.493207955673429
332.90227837479335,-1.836861494855966,9.050566495577492,2.9545629862200773,2.829534837007464,2.2572313242279316,3.5136320192456276
335.90858056295116,-3.9906111652909386,9.377625241340967,3.5711475624724294,2.829508706616557,5.840734259560984,3.5259873418553336
338.9420314173505,-5.490761930029495,12.908385075123721,4.837646541190257,2.8213679621387304,7.467895988737617,3.5290641886352745
342.00287610631824,-5.731781657141798,13.907091663459994,5.082379099974602,2.8047203825958213,7.393717510012987,3.522424968803069
345.0913620121946,-5.866600347660864,13.793562606964688,4.829481900870439,2.7797446001664494,6.222843737236952,3.506434978226226
348.20773875132807,-5.72985851847855,12.422705977949256,4.16684794476574,2.7471473168436744,4.372312376850884,3.482091673518779
351.35225819424755,-5.00566202856582,8.718151797593874,2.8826019075930778,2.7081519722857865,2.093822758109537,3.451139928610402
354.52517448602,-4.059132496404427,4.292032900999497,1.6556348430077141,2.6643970590366512,2.687947818473642,3.4157766669791383
357.7267440667921,-2.980767002427999,3.869682092083059,1.2368143863721373,2.617755508894986,0.23535425610061544,3.3783773947103546
360.9572256925139,-1.723478534477186,3.2605561158237584,1.128437223200371,2.5702496779465616,0.40002192923160385,3.341478571305772
364.2168804558528,-1.3321676163062024,4.24770258226174,1.494567966126119,2.5239215557644714,1.7701634895187615,3.307586240047352
367.5059718072969,-1.4329765816635531,5.219301371610726,1.993888023660294,2.4807147203198383,3.283408830125173,3.278868628196206
370.824765576445,-2.1782686074337505,7.181096009628115,2.703200084735787,2.4424078357754215,4.09459028850744,3.2572370364125485
374.17352999349254,-2.687049368609835,4.941556956883886,2.1948697881553247,2.410502113758453,4.578187958010022,3.2442404296825345
377.5525357109117,-3.300129839334336,5.855708416820751,1.9042765182852168,2.3861624958609267,1.3477532485328432,3.2408842957917696
380.9620558253235,-4.328423824800675,4.908538774899409,2.044773795298999,2.3701969252332966,3.7735579212921038,3.247769204184217
384.40236589957107,-4.48969126021669,6.347124768517576,2.2497541630046127,2.363037240850886,2.966446331814767,3.2649716387372547
387.87374398499225,-4.2506399374721076,7.231445006635172,2.6376478354134236,2.3647331405357686,3.950729917471856,3.292035048831446
391.37647064388995,-3.5985149404416967,5.619973955133772,2.0675765319099706,2.374956215450427,3.0306518172604546,3.328036355865996
394.9108289722086,-3.835566245752194,4.636872077782028,1.8264229890631396,2.393035216816925,3.1927126783212847,3.3715720093182138
398.4771046224157,-4.397640498524518,4.646683635714117,1.6778406827983448,2.417983841612405,2.4387635583262055,3.4207826558873258
402.0755858265864,-5.164445682158414,4.4256934379873165,1.4591138644394732,2.4485636811859113,0.233201635664825,3.4735361539296585
405.7065634196999,-5.417577405295272,5.505799283226555,1.9767669113878612,2.483299134634855,2.9576540145264696,3.5273830934861587
409.37033086314693,-5.5928134875492885,7.283312442565571,2.7894861238963755,2.5206226306697355,4.5503381494582795,3.5797273744633893
413.0671842684432,-5.932814078113271,7.5511107646979765,2.9927044857728164,2.5589032737536845,5.588412391536934,3.6279100382267457
416.79742242116725,-5.953176213000781,6.650220524425043,2.3893511120075974,2.596495279159764,3.5803653864350506,3.6693532246829643
420.56134680510576,-5.778875635319004,6.38832544411322,2.102688901580843,2.6318448370399175,1.6471749668296303,3.701589894090354
424.35926162661787,-5.334520606425806,8.615057615766439,2.932312934567905,2.663602791564019,2.9032422046581488,3.7226151096763354
428.191473839227,-5.8515913277118115,8.461929935629446,3.350958810284535,2.6907198272152013,6.011491828410364,3.731012880250545
432.0582931684245,-6.720945375084099,8.161430972289612,3.5703824066983243,2.71244685509662,7.708756266344711,3.7259605848924164
435.96003213670394,-7.796408565538636,8.950733050749182,3.368250454400324,2.728420849830331,5.304721482399141,3.70737137756316
439.8970060888213,-7.352798840634366,10.638092434955304,3.9839975678618775,2.7386815775200968,5.8466586130536875,3.676035604426051
443.8695332172784,-6.167544491990239,12.838854482909166,4.557977501902144,2.743685451462974,4.977251225970659,3.633581274434914
447.8779345880415,-4.180788040496729,10.44341341032096,3.639676615137203,2.7442469616056857,4.42418641671856,3.5824261442968783
451.92253416649163,-4.028012017439679,7.56200326085258,2.912904336622131,2.7414560974368167,4.875013542406272,3.5255551917897923
456.0036588436052,-4.290275933819318,6.6638935041152205,2.420947194923084,2.7365926867818096,3.392857220474016,3.466507478085973
460.1216384623752,-4.241018074640202,5.829863424824257,2.1345677530000575,2.7310557063580894,2.4535973276316767,3.409006038948464
464.2768058444711,-3.277512305813917,5.338291221460682,1.7782300425411095,2.726208122967451,1.4679325532991263,3.3568065844083406
468.46949681713517,-2.511306612393039,4.951403189722126,1.6372301634594537,2.7232836417605975,0.9240641233104183,3.31346597813235
472.7000502403261,-2.9916704277075756,6.270113972944225,2.2050097404050097,2.723272714565872,2.531623606948817,3.282024658817514
476.96880803410744,-4.371328413266595,6.0914952813831995,2.049279261480497,2.7268225200931733,1.872210768825922,3.264765517272592
481.27611520627937,-5.9887527745174145,4.8739577694986504,1.7938864316397296,2.734200391590739,1.2120889629449625,3.2631932959118997
485.6223198802642,-7.527028405186453,5.797598782995447,2.0689899518720987,2.7453084289060032,2.7791358046702683,3.277781308657911
490.0077733232437,-7.537514159501055,5.161129753041654,1.8224753463297818,2.759708028659922,1.605625599519044,3.308151521712585
494.43282997454634,-7.149906283303558,7.653701415773648,2.675179346720652,2.7766399354405578,1.4801350644385982,3.352928849067954
498.8978474742946,-6.927819567993099,9.40742337033188,3.4851390435612766,2.7950929441244736,2.510780780652448,3.4099151959857066
503.4031866923122,-6.151883010172614,9.570039153040176,3.4101655426706574,2.8139038281705773,0.6626828201796879,3.476209237672853
507.94921175728655,-5.2944659217697865,9.26561025432699,3.202735947818415,2.8318428271537552,2.7239199694844087,3.5484519785181448
512.5362900862001,-4.675980241425106,8.430933219546706,3.406260181382137,2.8477303355180554,5.620859916029138,3.622978515605399
517.164792414027,-4.522418529746695,9.833141066462387,3.9690199405240305,2.860492637728967,7.099824180217761,3.6961440455851573
521.8350928236933,-4.4670499989113175,10.101838740195449,4.166844821849375,2.8692540991590754,8.326470745312662,3.7644155260289405
526.5475687763126,-4.2877560955005825,8.845504700769258,3.4552303813763343,2.8734041703334814,6.390612341953535,3.8246864166609744
531.3026011416947,-4.530105504588798,7.928772247300889,2.7404290436212353,2.872556478371477,3.1972399529624926,3.8743079345843787
536.1005742291247,-4.5464812966175385,5.915416998536398,2.1917762965357626,2.8665869953339542,2.9107806454682446,3.911263225314492
540.9418758184253,-3.5590491303131335,4.4499346700809035,1.55141652780406,2.855631954858834,1.7424259441572465,3.9342394403418015
545.8268971912998,-3.728163957101936,6.956184053006101,2.4459636654651327,2.8400387487239276,2.7171469308184912,3.9425555159670083
550.7560331629503,-4.2095349547651475,10.956442081174982,3.875015252364839,2.820304810539329,4.5995733526741915,3.936303422930984
555.7296821139942,-4.5474776659847445,10.943292462903424,4.369413292142829,2.797064058928041,8.240518974304248,3.9161984402207066
560.7482460226586,-4.596826352381597,8.236848811684805,3.3060138996413713,2.7710250153031355,5.937765306667515,3.8835467941631383
565.8121304972661,-4.523709544023978,5.928620233394186,2.2808613746681203,2.7428527478104305,4.028297660200532,3.8399483298805035
570.921744809023,-4.361647713027245,7.215198177242746,2.7215385013322564,2.713170427880517,4.675576371187147,3.787352625900202
576.0775019250921,-3.409250820930735,6.348356662824231,2.661746799102599,2.682529151388537,5.473935698155473,3.7279007485675746
581.2798185419706,-2.494527025424509,5.961982689685551,2.0724077099091005,2.6513334255205754,2.604551125551778,3.663708850904112
586.5291151191706,-2.4236557983852167,3.950830566756188,1.3129076890098013,2.61983483532079,1.1879613822096724,3.596825222329479
591.8258159131977,-2.7286802498434053,6.084929635108819,1.9792480464209257,2.5881047532472805,0.8473129484751647,3.5289759512043575
597.170349011842,-2.856975562485768,8.114734009642097,3.045444564557068,2.5560720648737854,2.618677045642306,3.4615869019520185
602.5631463687777,-2.110562241858375,9.135247097539054,3.363060154096722,2.5235360272141816,4.252044081413491,3.395667188301504
608.0046438384719,-2.260457397330056,6.362912644326042,2.66030478931938,2.4901669225662446,5.2870071573559,3.3318484194739812
613.4952812114125,-2.641661241992978,5.721593884428522,2.0341173139037747,2.455552734593089,2.5701090260797206,3.2702956347597354
619.035502249654,-2.8391834063530657,4.742453248080401,1.6680736038795472,2.4192615772027226,0.34984617265594364,3.2107845475625263
624.6257547226801,-2.5545517036662506,7.168134642983681,2.3872691136852136,2.3808944563737358,2.1052259963789757,3.1527932147078293
630.2664904435946,-2.010902316189272,9.768524719686047,3.4482696628754863,2.340138528407782,4.344942404388384,3.095626220121089
635.9581653056397,-1.1693646903809554,9.522251523837776,3.523268521938541,2.296808932133099,4.509873848851875,3.038493838047617
641.701239319038,-0.5868413457099279,6.695353436593392,2.4841982787866006,2.250919726237686,3.235119813174782,2.9807515526375283
647.4961766481737,-0.26462198545694254,4.242380254050296,1.3638308812723998,2.2026819070463874,0.5988532248030922,2.9218717836047006
653.3434456491083,-0.46772812529408325,4.604462108741757,1.87195650739389,2.1525521909925525,3.54832607869551,2.8616314529971927
659.2435189074306,-1.9899934634474519,6.989073161233234,2.7341644630143014,2.1012623504961114,5.040774069734254,2.8004369958423165
665.1968732764535,-3.8300235170767722,8.048098482479915,3.1790553873399316,2.0497427502638597,5.634124102139475,2.7390086856630114
671.2039899157561,-5.279827008765388,6.031157781484929,2.4557686209735823,1.9991325963712245,4.402206875085524,2.6785195019506096
677.2653543300677,-6.041078500234366,5.225688703518339,1.7376043256066118,1.9507126226336353,1.6209038025572964,2.6206464476774083
683.381456408509,-6.178762433604804,5.331113861310777,1.8748972282393537,1.9058591899012585,2.3943832041081388,2.5673441339047773
689.5527904641884,-5.116361387901806,3.1708155055730343,1.1764461191001578,1.8659554512879726,1.7246848253124138,2.5208676952050904
695.779855274148,-4.205716238730349,1.9333512408296802,0.6889245549334807,1.8323204936164286,0.9042263005961644,2.4835568482416677
702.0631541196784,-3.6543105184012274,3.945128284439023,1.4510788961830583,1.806162073716101,1.4846501495100952,2.457717296128064
708.4031948269968,-4.060803391431469,4.9117436970879265,1.6820475531209567,1.7884841278584056,2.0380242248546288,2.4454307673361595
714.8004898082854,-4.01818646180519,3.1561623705433735,1.1568518969390145,1.7800140391317676,1.4828727812120421,2.448339376123521
721.2555561031085,-3.8607332358715043,2.6944696862278033,0.9554651077173191,1.7811724956972101,1.236977357285257,2.467567422248884
727.7689154202023,-3.8344489098723886,4.365262315420418,1.412440216839966,1.7920697613088392,0.7218510423963922,2.5037414147822794
734.3410941796333,-3.6884193025824867,2.267794793352822,0.731835150191906,1.8124987962283263,0.1930853211452992,2.5568525735029826
740.9726235553528,-3.3782126790933633,1.0036598675535053,0.3519584007352124,1.8419516017492445,0.43678322005917947,2.6262828036392043
747.664039518124,-2.6788644301851963,3.4850183604654257,1.4925783032310767,1.8796564682042884,3.039813577350118,2.710792352209348
754.4158828788345,-2.738178623050982,4.856879544112596,1.6544589935534761,1.924590673244181,1.3970066816289615,2.808693251560673
761.2286993322158,-2.9050634889486786,5.920490398131234,2.13230706942738,1.9755545731394346,2.4566449058959217,2.9179051758836847
768.1030395009387,-2.5495206820224654,6.766414839629379,2.9603844141942655,2.0312229029211304,5.581764617473467,3.0359934830854756
775.0394589801188,-2.0714723831160353,8.121237457769624,3.21184129349102,2.090208173634974,4.939149588779044,3.1603511191297637
782.0385183822224,-1.7115512535372033,7.871591667116912,3.002195926608976,2.1511005035295137,4.318605963360729,3.288349793125144
789.1007833823722,-1.8798445814065583,5.850987686444491,2.354801136839877,2.212494259393399,4.187394903083646,3.4173032083419392
796.2268247640676,-3.1194535135868753,4.997579144177446,1.8347105766490637,2.2730143469285387,2.7655453797944407,3.5446008424576947
803.4172184653193,-4.716670260982119,4.534751945791056,1.5169231274796895,2.331347609548063,1.395706000102722,3.667720542181467
810.6725456251922,-6.21202418125231,4.682776091937874,1.9531210662026741,2.386269607974565,3.997181106974666,3.784341497685774
817.9933926307771,-5.73327838342281,5.415341653005776,2.171012752402118,2.436654205558041,4.157581041101782,3.8923196182087993
825.380351164585,-4.618957161959564,5.992826087133691,2.442700422062021,2.4814872915554576,4.3984553864624845,3.9897374247200346
832.834018252364,-3.7962464726647007,7.309664692451269,2.742492976780007,2.5198729867040877,4.232951076218149,4.074824925966061
840.3549963113533,-2.904802768385659,8.834657300413781,3.332149385654659,2.5510449210387445,5.243554857033388,4.145976165344106
847.9438931989744,-2.0489533948786383,9.380022395212915,3.668634465183208,2.5744238125776784,5.7665100375213,4.201900402946321
855.6013222619544,-1.3986026471973927,8.353548066431006,3.6604875794234717,2.5896368676082036,6.830395614876238,4.241570698869372
863.3279023858998,-1.508277315068919,6.742862889402777,2.7167496988960207,2.5965084437662695,4.436123399055243,4.264287434867807
871.1242580453186,-1.939818188082004,5.679708522673216,2.096528878680271,2.595068522459978,0.11498361759742859,4.269614257681624
878.9910193540858,-2.5003409099684397,7.359024227380209,2.8997567114512983,2.5855596438650363,4.666121187995774,4.2573556458148705
886.9288221163733,-2.274025828550545,8.49202509122562,3.7198973537589426,2.5684446266457277,7.770174506553168,4.227814894560161
894.938307878039,-1.5587224491517924,10.161533526577507,4.044056372507552,2.544395618109133,7.58107469435491,4.181575559280702
903.0201239784723,-0.18203580546399417,6.797406704457772,3.0396116648154403,2.5142449943609404,6.441423617674202,4.119562635935747
911.1749236029153,-0.017104658350506074,6.083135097264988,2.5433421652484505,2.4789251860565003,4.905109907397821,4.042968372403696
919.4033658352581,-0.25479433117717887,5.484147038781706,2.1510167946078713,2.439426846570009,3.9976654382874033,3.9531562567045957
927.7061157113003,-0.2864748719330811,4.081409484063062,1.44033837684462,2.3967917503854888,1.8002773372280485,3.851767144731429
936.0838442725039,-0.164770980852112,4.096914182903068,1.5656849069876075,2.3520197957060547,2.5866176702560297,3.7405676898398323
944.5372286202303,-0.18594587857868966,4.930327173859823,1.9460186971135058,2.306059163959062,3.6736484341548783,3.6213797350883787
953.0669519704591,-0.918254412574545,6.023145388925556,2.1286468978241024,2.259797917437179,2.710764034529636,3.4961090475362515
961.6737037090096,-1.4363174375446586,5.0532409711041755,1.6954141445587974,2.2140255825469124,1.6689964420090673,3.366698117572402
970.358179447262,-1.9368354708504643,3.491705265926275,1.3107198301935836,2.169387442825059,2.163661313391285,3.2349583972181932
979.1210810783673,-2.6714383205479546,5.616727279296028,2.348315773654184,2.1264207720550705,4.60690269852549,3.1026847925340904
987.9631168339874,-3.267250545074274,8.11339785945442,3.3663357118971358,2.08558233512347,6.8329380397643416,2.971617841866263
996.8850013415306,-3.631849525609562,10.287464736798444,3.8286251915250253,2.0471910383509977,5.955111731994492,2.8433294347983775
1005.8874556819022,-3.359490354881014,6.733880988279617,2.412438675705783,2.0114506740546467,1.3111796934072717,2.7192362266011116
1014.9712074477967,-3.898063051892592,3.914554128509633,1.3783147710439938,1.978477558783832,1.3612671267346053,2.600629770501002
1024.136990802492,-4.620120432491817,3.8256245848902584,1.3232219429505547,1.9482631903071552,1.5355075022728952,2.4885677131220745
1033.3855465391896,-4.839884708810352,2.524773426135157,0.8743368744252942,1.9206951399248184,0.2917607682009207,2.3838162756363923
1042.7176221408895,-4.357842803567052,2.382011904082009,0.8082580014983509,1.8955595066868813,0.057942988463302925,2.286927271578628
1052.1339718407978,-3.593510209307069,2.9791626471299275,1.0657667075355897,1.872538732937648,1.0979674804800394,2.1982178373744814
1061.6353566832863,-2.823393917894835,5.3931939692843605,1.9740686501667248,1.8512328155678364,2.284995371589516,2.117744413308859
1071.2225445854062,-1.9662188788470039,5.842526282342574,2.1369605682480715,1.8311845827854882,1.8049073959895257,2.0453406105047427
1080.8963103989456,-1.0114779168076877,4.620435988516021,1.6861381885428401,1.8119219834272111,1.4720589083742035,1.980660749481304
1090.6574359730566,0.17613578400718174,3.7905037696040114,1.2801226997726507,1.792998168426311,1.4053783557627277,1.9232455084866071
1100.5067102174503,0.12462996268015984,5.837093546654469,2.016227336862979,1.774043610605625,2.1063081881053187,1.8726642602564942
1110.4449291661492,-0.5139240649385746,7.803163574787776,2.762286997313942,1.7548212150491809,3.2916043659098753,1.8285521298873961
1120.4728960418295,-1.4614907101808419,7.863138010446301,2.6654827462456208,1.7352466155523492,2.7838282138405024,1.7906311690695436
1130.5914213207407,-1.5827091128488304,6.806183623686166,2.404001800622276,1.7154430726520133,2.5071796716931436,1.758822057441086
1140.8013227982028,-1.2001891082829943,6.952181113074817,2.265016184337971,1.6957379687053207,0.9328621099006278,1.7332296913714038
1151.1034256547066,-0.19254914159937936,5.292859479083276,1.8267772083118587,1.6766597285630602,2.1794056974346194,1.7141895596159689
1161.4985625226077,0.31644352998634184,3.474782352342902,1.3292482696436796,1.6589236539448218,2.1518916138396955,1.7022702037287234
1171.9875735534156,0.5879157598479511,3.3596273337597875,1.3091520439969169,1.6433955159138254,0.12010944823047964,1.6981158588458287
1182.5713064856986,0.7421263938712749,2.4220790074987413,0.8571345325534157,1.6309994263892955,0.8207639494260891,1.7022959320251276
1193.2506167136041,-0.1861687042856808,2.7815648746315884,0.9421187245334258,1.6226608066027401,0.7965784637381262,1.7153962815816384
1204.0263673559848,-1.359627040524638,3.499074749518573,1.2500781894373003,1.6192522132113534,1.5453330947561454,1.7378721896298295
1214.899429326161,-1.7156110942088127,4.72501514615077,1.6402132655066295,1.6214936271923708,2.106353653417424,1.7698706081016662
1225.8706814023135,-1.410709881451063,4.612171916842408,1.610709349182189,1.629834778634375,1.371497244847006,1.8111379696662033
1236.9410102984998,-1.0306046820299453,4.717181723368011,1.5726581318644743,1.6444449747858905,0.8260042710789661,1.8609314852503183
1248.1113107363235,-1.461008240731431,2.7664694569988146,0.9655018737556191,1.665162367834817,0.9159444493616204,1.9180931286024756
1259.3824855172518,-2.11172792742498,2.4624753272914437,0.8256818557958825,1.691462809933889,0.2925220111779261,1.9810140096529216
1270.7554455955726,-2.511934890717515,2.9007434614144554,0.983849522274475,1.722483988447233,0.6556978881875049,2.0476655891753097
1282.2311101520236,-1.530082035652708,3.830998022631322,1.608588537264439,1.7570769952151453,3.216903050168035,2.1157437731116375
1293.8104066680874,-1.2454047526612164,3.5434684657650837,1.30359857113628,1.7938740352613547,1.9880072929057957,2.1828582914294294
1305.494271000937,-1.3661854389890329,2.8474083490360727,0.9632821866845281,1.8313473728111287,1.0086802184872377,2.2464663174538764
1317.2836474590908,-1.9120491147093148,3.4525211662447637,1.4582171673438231,1.867926555494948,2.9053940128618443,2.304237017813934
1329.1794888787256,-0.9587337467580191,5.151734219769869,2.0643480296097656,1.9021293379551378,3.83159766902532,2.354243184984019
1341.1827567006774,0.3015394559356749,7.907850580583196,2.9435276178899534,1.9326861139530658,4.4558449317835,2.3950104456704078
1353.2944210481646,0.14067899489562735,9.32349388999756,3.2469830124491343,1.958633815545656,3.6043451374753257,2.4256449448871225
1365.5154608051798,-0.266257927963638,8.291156094544132,3.3812042407705682,1.9793675613447794,6.154407460131175,2.445875298937668
1377.8468636956106,-0.7358987013766884,8.749859947996256,3.625132887137006,1.9946710446052949,5.6756811716857225,2.456111249739531
1390.2896263630728,-1.0164724333317172,10.614872052649044,3.5058651561626246,2.004763969724009,1.7567692737971652,2.4574051716671867
1402.8447544514522,-0.8692511701443183,9.356361514854058,2.9921442239274114,2.0102522029039287,1.3252401790317512,2.451275987591221
1415.513262686187,-0.5639569484677233,6.1585569978031085,2.217049877199792,2.012062107310399,2.328404632982389,2.439676945638896
1428.296174956284,-0.39206733312620334,4.271546658713687,1.5277579263408592,2.011332200729903,2.1847927830006477,2.424799865277121
1441.1945243970613,0.5498846242312667,2.8968221935739042,1.0625567825096383,2.009321080385212,1.466987094794413,2.408848872214479
1454.209353473653,1.7192737041974013,2.44530082236443,0.9790403977235739,2.0072741809636505,1.6988937348757802,2.393879562516865
1467.3417140652678,2.3882918270171722,1.5375498162508037,0.5349836244286674,2.006289055918297,0.47319291386516893,2.3815931623400983
1480.5926675501935,0.9504194938610366,2.214732045047384,0.8755301861846279,2.0072387888306573,1.6048345508268487,2.373289966113432
1493.9632848915842,-1.3301789180784813,2.4623370378861176,0.9674986624690181,2.0107182034307822,1.2667782258165055,2.3697452465637743
1507.4546467240227,-3.1397267515150267,4.856926938576227,1.84475685548116,2.0170031273320053,2.283638894371109,2.3712433046804304
1521.0678434408487,-3.2143882066269707,6.046512867218535,2.287499321562676,2.0260121999050575,1.0957112871373238,2.377506187673167
1534.803975282291,-2.4740192940232735,5.634452242041877,2.061774137558818,2.037358704389175,0.9209212842313175,2.387775622997384
1548.664152424396,-1.6276843645930543,3.4739595784785657,1.4210235101078514,2.050433657678748,2.2539153020986493,2.4009061620605903
1562.6494950687438,-1.7303421648587634,5.801755242048143,2.317739740168359,2.064480178579924,3.7191482188033955,2.415600679886865
1576.7611335329898,-2.3225634006762945,8.31916193341318,3.323407475304998,2.0786543484744855,5.377807735468538,2.430416657150671
1591.0002083422232,-3.1500204579280493,8.2492576731034,2.811249565903291,2.0921458983032375,3.284544327022389,2.4438911662969036
1605.367870321137,-3.415693150664323,7.215580583195171,2.7144047435172465,2.1042297501775495,2.1667163015719604,2.454772880303076
1619.8652806870437,-3.155303052859107,8.074014123137916,2.9467373584496372,2.1143505851347593,3.0815993077658144,2.461951153432138
1634.4936111437319,-1.7025260436864167,6.832900870378688,2.555416998209339,2.1221565010960246,4.062568260393921,2.464669168482986
1649.2540439761553,-1.0842487952012227,6.327579153349683,2.191945519510248,2.127501315552207,2.371488107916039,2.462423166459403
1664.1477721459923,-0.9749555656442853,5.409391350264549,1.8693478572697624,2.130439994172029,0.8989256553333989,2.455015931581702
1679.1759993880678,-1.4035854873961378,4.407707084974675,1.7838344758143208,2.1311943511668296,2.7924831906343917,2.442517488913849
1694.3399403076298,-2.0905629500518845,3.4373293924790156,1.3923799579858667,2.1300738382925357,2.384174347524762,2.4252350472643114
1709.640820478523,-2.8063359961952794,4.238879280056747,1.3898876518250127,2.12749764643368,0.5356630343838922,2.4036160192286595
1725.0798765422462,-3.0914693273579394,5.341266133729195,2.238693587129628,2.1239163523776465,4.594424482369259,2.378238040830662
1740.6583563078825,-2.8600990425783808,8.05064883460011,2.7969971042781685,2.119734893203842,3.4179910229822,2.3497359959315816
1756.3775188529708,-2.3280293183786966,9.265921314766269,3.1291200370277235,2.115289703487598,1.7027519355621195,2.3186989061550047
1772.2386346252558,-1.5415356744231257,6.180065834243175,2.188968171665197,2.1108117573109255,2.5480598093333855,2.2856693122969793
1788.242985545358,-1.0562113339357555,3.8543244492705266,1.3572656499276698,2.106404645856619,1.8490424131322478,2.251166417253487
1804.3918651104023,-0.9326052630214068,2.568416074151141,0.8412719693488854,2.1020995773707383,0.32098664594430926,2.215623842400691
1820.6865784985428,-1.8370093149077777,4.868732167915345,1.7969426785843858,2.097815987787481,2.5587916984250514,2.1793959997873826
1837.1284426744537,-1.6312231415464171,5.76373494306186,2.17684919830466,2.093364059020081,3.2299189440884626,2.142666933171319
1853.7187864957773,-1.1243097284800068,5.459467023080468,2.0811512406776913,2.088496699050172,3.2219376273463953,2.1056470275797774
1870.4589508205106,-1.760608551068314,7.343765619527433,2.365869324890442,2.0829437582037755,1.1043978659055709,2.0685387266402997
1887.3502886153822,-2.1845957340574014,8.943256201031529,2.847892851035116,2.0764306679980225,0.8370435152198765,2.0313815304514065
1904.3941650652075,-2.3441905029153554,8.726415803446734,2.914929718859346,2.0687061897970125,2.2602884342496607,1.994320013409054
1921.5919576832127,-1.7220509176973888,7.359376314227131,2.503244421916436,2.0595569176787785,2.390830039229845,1.9574830868164121
1938.945056422374,-1.1024436787464849,6.084301899097518,2.2502546722104726,2.0488100360778225,3.382534079739064,1.9210290561811225
1956.4548637877606,-0.4954887983408748,4.16329046234453,1.5205146616245924,2.0363679059208764,1.9032658717513806,1.8851653887380548
1974.1227949498777,0.0551239583074425,3.5275670029398043,1.3189268417769786,2.022231997380046,1.3518839091921808,1.8502197446417452
1991.9502778590468,0.24632423326277333,4.108254319467765,1.5490189320001813,2.0064476345884836,0.4866807336630813,1.8164741643993172
2009.9387533608212,0.379034080498516,7.250746777857418,2.3621286031497393,1.9891248482750934,1.5113227661401325,1.7843225338136763
2028.0896753124266,1.1166078729153504,7.316188706891004,2.5319309052099603,1.9704163276101083,2.9711628327152257,1.7541743580592792
2046.404510700269,0.8666708691226335,5.384729476656089,1.9896822035642487,1.9505519691730835,2.0850253923427653,1.726572103484444
2064.884739758505,0.29355331279026364,4.9482288735714866,1.6396333345131802,1.929787169826767,0.9968415358207525,1.7019728967420107
2083.531856088666,0.6022888092971421,6.382650964261474,2.187449898891521,1.9084008355793285,1.7777156240430443,1.680891960136343
2102.347366780377,0.6408702035139895,6.819454246214765,2.2642120920755513,1.886659729745949,1.1987286006853324,1.663838987672597
2121.33279253317,0.5124468197519929,6.429982380854218,2.0470921764516707,1.8648764013119945,0.7030826219439847,1.6513214510347782
2140.4896677793777,0.22965755290616416,4.389829652212944,1.5428225378256906,1.8433886664274706,2.1274541722955025,1.6438319466737148
2159.8195408081538,0.7404660904881236,3.7723294826405382,1.2581169738818867,1.8225161422862088,0.9456465659309443,1.6417655205800532
2179.3239738906072,1.53809098928738,4.1591059733507585,1.5322368645796045,1.802561576120022,2.2932431540461664,1.6454414510315918
2199.0045434060753,1.711184850348616,4.469650028096506,1.6748377475078506,1.7838371926960042,1.4479053502680204,1.6550831350027027
2218.8628399695153,1.0582516490679774,7.055475145509025,2.2913405489714584,1.7666142038378534,1.1554001374445264,1.6708031168806028
2238.900468560066,0.11856317572307626,8.133320987152139,2.6115499899940553,1.7511235681949333,1.227515438804672,1.6925297569947062
2259.1190486507758,-0.07929878447014106,3.3398342921051003,1.1590626192250155,1.737548125931582,1.352145956643312,1.7199778931777334
2279.5202143394717,-0.26553654081803124,2.115029306357439,0.779505525228245,1.72601693158664,1.210527823205375,1.75273719662127
2300.1056144808413,-0.41306549422551103,4.935950075901109,1.869177576759466,1.716566618015968,2.929044570856755,1.7901827415947549
2320.8769128197,-0.3846681666959119,5.01274495506992,1.744751929417269,1.7091475829664124,1.9777898889216354,1.8314054558049446
2341.8357881254447,-0.37333192904959217,5.053726446353155,1.7762731602961517,1.7036265100597319,0.6229712143168893,1.875407015764323
2362.9839343277413,-0.42116846190048235,5.832199619205081,1.9027817345411508,1.6997938306593705,0.40096757150677254,1.921024870376837
2384.323060653438,-0.7435674190985999,1.3988003338331667,0.49640051262603185,1.6973607734983733,0.6539162646662011,1.966899936291285
2405.854891764694,-0.8560748154619457,2.872768785183706,1.1297018789283497,1.6959513513641642,2.033966923456995,2.011738861023527
2427.5811678983755,-0.824351913926018,5.0031235980674635,2.0260875065310144,1.695124912720561,3.772855181497803,2.054177324417906
2449.5036450067114,-0.6094348227364335,5.18926316707216,2.003750122026239,1.6943909952428196,3.220244190275088,2.0928720283121316
2471.6240948992004,0.48236170834454656,5.245422284832971,1.8228239462096685,1.6932961929933468,1.8761608120418294,2.1267077033014066
2493.9443053858154,1.8181229602701965,4.527050285017392,1.7868865254181627,1.6914116907054746,3.22433983222498,2.1547898963425767
2516.466080421506,1.8870685223015229,5.231901073753895,1.8769037091442728,1.688325779041494,2.437114392852164,2.176469998785457
2539.1912402519824,1.6585366938590085,5.5776710378241035,2.2526610567712986,1.68367413120256,4.337971288067443,2.191335606063773
2562.12162156084,1.490817575858682,7.417859470145325,2.620151721107865,1.677205972949577,3.5669443216469503,2.1993122879296174
2585.2590776179986,2.5891752116338975,5.42254945267573,1.8096838245268554,1.6687734211940917,1.6841534605256094,2.2006390197429946
2608.6054784294965,3.5494379125476776,2.5978390713842883,0.8844165406963023,1.658327361874831,0.6267612113677021,2.195850542935913
2632.162710888611,4.331235170539447,3.1155519549140616,1.2783430163931029,1.6459318698585397,2.54212440376835,2.1857707349381
2655.93267892837,4.512116884812929,4.938155938125463,1.8146871304282806,1.631757818955626,2.5345048168979214,2.1713646451856166
2679.9173036754373,3.739151290125224,4.499424901035502,1.6795546897302114,1.616099349581944,1.7615101964237643,2.1537592395202485
2704.1185236053648,2.4497579180106124,3.643204535359228,1.2305583551508692,1.5993151124272633,0.8748925220242607,2.1341468049540193
2728.5382946992727,1.2001848085577842,3.912720587467297,1.7073526121759106,1.5818801564029363,3.163932454943718,2.113754727718972
2753.1785906019422,0.5305684700567457,5.994627580204165,2.088732852861779,1.5643246716624566,2.6986953843099064,2.0937752089879176
2778.0414027813117,0.175759956909274,6.876443101368928,2.386215283199269,1.5471836423049314,3.039128953340601,2.075193490430198
2803.1287406894407,-0.2151645034468475,5.023124632929263,1.7701746015629283,1.5310107230654042,2.175247596617216,2.0588396063045327
2828.442631924923,0.0508869175259376,3.283614008388635,1.2177957530484513,1.5163546266801045,1.6849856581925082,2.0453478460347156
2853.985122396744,0.5420826736248672,2.6463891873004277,0.8878424713928608,1.503702788372893,0.3992667698875153,2.0350173535605536
2879.758276489647,0.171130382854818,3.2460073459154986,1.175703204894352,1.4934714523748986,0.32775396742326657,2.0278816173358885
2905.764177230974,0.04755412616220962,2.312618554815779,0.8793348998920889,1.485983536160451,1.4695227866772769,2.023754724197919
2932.0049264590284,0.10780972898463397,2.4420709488275567,1.087728826130903,1.4814421169813343,2.019638755799425,2.022128897249304
2958.482644992936,0.44468006360382023,3.3472985379782023,1.2415644278820999,1.4799317643198422,1.8620616361039344,2.0223167645809603
2985.1994728040568,1.020666653387332,2.9502773625225904,1.1767952353652702,1.4813633498292158,2.1876883058550405,2.0233937822773167
3012.1575691889534,1.459621715580533,3.2664886140847837,1.2827870688239214,1.4855378607936602,2.35214526884412,2.0243518863744416
3039.3591129438896,0.18040086747198242,4.956319890363861,1.7302540050505866,1.4921564213799718,2.2834379494431216,2.0241320459032
3066.8063025409324,-0.7102622432508257,4.888874367683663,1.8350646258730294,1.500768576502748,2.822183096083225,2.021746995053247
3094.5013563056473,-1.2654857596580473,4.4765254496796825,1.7818870932983586,1.5108452888919124,3.4007279572251505,2.0162889975983287
3122.4465125963666,-1.0964377479699976,3.2336270779389085,1.1082552051183552,1.5218427587248315,1.278182824873601,2.0070869324823977
3150.6440299851056,-0.04884354536245694,3.1456251183634922,1.1862720899274433,1.5331914435124059,2.0028409748873157,1.9936880554142375
3179.096187440117,1.3259165013053018,4.031308497728412,1.447237812647835,1.5443495238514995,1.1219002582032613,1.9759015897220082
3207.805284510058,1.5287050032961877,4.819420675704035,2.0061838436621326,1.5548537821599462,3.57632427465464,1.9538793142334565
3236.7736415098548,2.1992597559840648,4.860689029036812,1.9964861102395937,1.5642923048483084,3.8792999738593044,1.9280920304158402
3266.0035997082437,2.982770223594564,2.6323625579135306,1.145124498991631,1.5724059243371982,2.347271853106187,1.8992888981735225
3295.497521516977,2.7105910516455447,3.0093283908486668,1.042433951739033,1.5790866131020307,0.6663870049673468,1.8685282233617175
3325.257790681765,1.9076866551905645,6.222954697047889,2.2090096536182804,1.5843480098676046,1.3118457043309217,1.8370088041921395
3355.286812474947,1.0114242113686933,9.086574909647776,3.060162125961802,1.5883377795880507,1.9662531290143634,1.8059998974063305
3385.587013889866,1.5860525260573892,6.512765384065599,2.153102659243313,1.5913093329053953,1.984597805440115,1.776828026839963
3416.160843837037,1.6069490715632,4.225982915628608,1.552805967542393,1.5935929854126543,2.4282305457372138,1.75073441219785
3447.0107733420673,1.367145128434318,3.91258084450377,1.457183058734491,1.5955601453433297,1.00709465870885,1.7288306480306306
3478.139295745378,1.5874314783631303,4.431612956686267,1.4821046203387018,1.5975936097230332,0.7910241753162732,1.7119762929994773
3509.548926903703,1.2795839168822671,2.9451049257327786,1.0339117013634476,1.6000056024151672,1.209720534994809,1.7006958299541761
3541.2422053934315,0.7038547273712644,2.0793200245375343,0.7446312437534596,1.602988403565804,0.9142564898678943,1.695150083242974
3573.221692715794,0.4588238230637763,4.1816639937786455,1.4385485893303964,1.6066294407090962,0.2070261466402863,1.6952276350506643
3605.4899735038625,0.185646216327287,2.479029613180949,0.8476423501881585,1.6108633484495471,0.20387561972148216,1.7004146365894606
3638.0496557314577,-0.09356095292343777,3.1453890319883353,1.0815370982762134,1.615458986808544,1.1454467331202391,1.7099023616232127
3670.9033709239384,-0.2951759483130358,5.1568529976467925,1.8529401735144968,1.620013798991845,2.7099840570411287,1.722548426487347
3704.053774370866,-0.029289231022952646,5.2306581495755795,1.7564123975752597,1.6240002222309582,1.7480298428299437,1.7371050659751186
3737.5035453406176,0.5092657912644829,5.855012487088128,2.061732229688009,1.626793275933471,2.4661429873488583,1.7521669541261118
3771.255387296942,0.9676742325234426,6.191319456214012,2.315150324240438,1.6277369463844429,3.7646642624997804,1.7663538300583737
3805.3120281174347,0.8513300690137983,5.339503535027648,1.8970051222156137,1.6261351981971328,2.2237326095934127,1.7783004097724409
3839.6762203140242,0.3058778053347597,3.9288110530448743,1.3565818793821756,1.6213482392169671,1.1729175731475479,1.7868098237438106
3874.3507412554272,-0.8103128403505208,3.9310147297704843,1.4784088424252182,1.6128472756321326,1.1209605606831992,1.7908516004347939
3909.338393391635,-0.7420567535157038,5.892817434829984,1.9921187764879043,1.6002556152175627,2.1702240244692685,1.7897149016894274
3944.6420044803895,0.15230920822682972,7.859243927348171,2.882181162713397,1.5833484660462855,3.0374761408104236,1.7829110004173951
3980.264427815737,1.7622715328851286,5.79211313828668,2.0920270292471908,1.5621003458313454,2.3493475106234976,1.7702668162848152
4016.20854245865,1.997419993510437,3.54484569310815,1.3603154063311986,1.536677611084712,2.1623750772890133,1.7519358368540037
4052.4772534696917,1.2968677413504883,4.582743736017429,1.5322814589853606,1.507448592913567,1.2348517276609212,1.7282654120170495
4089.073492143822,-0.01856520189811748,4.866184404527928,1.6483597163816215,1.474962360411937,1.7585063569919082,1.6999044690125336
4126.000216247318,-0.44712735581250307,4.339181751292349,1.555222616604373,1.4399343932753685,2.1719669062220257,1.6676693056795107
4163.260410256807,-0.31695744172005946,3.325779819033954,1.275819344780657,1.403176609971597,2.0894693549118752,1.632515851486779
4200.857085600478,-0.1686714115263505,3.3967199347163257,1.2702237725238452,1.3655905847646617,2.0841251831946788,1.5955408968177862
4238.793280901497,-0.3598792014491912,3.906612973779392,1.3350625904715614,1.3281111027339623,1.1795842444273148,1.5577911349228104
4277.072062223558,-0.6413839068672998,3.639988743260096,1.2870771786953685,1.291687448999892,0.7288829999525659,1.5204432490825976
4315.696523318699,0.06844630123942261,2.891487731024293,1.017340328662638,1.2572466265282762,1.163322609136028,1.484532507175077
4354.669785877367,0.27393457049940984,2.579770896326675,0.8343309540099765,1.2256480728167787,0.4950413085905675,1.4511379359559031
4393.994999780681,0.10499735972738425,2.6028888901685656,0.9583865457149838,1.197676546401085,1.3695716587393036,1.42115817173144
4433.675343355028,-0.4924998494693826,2.1825030371226264,0.9229933434625991,1.1739852936838246,1.9334730096862232,1.3953485724813692
4473.714023628959,-0.7034527242765272,2.851209773289696,1.1452110977564725,1.155100460621148,2.145029410705723,1.3743176147499145
4514.114276592345,-0.633678288402876,3.3363871241632888,1.1110983234343046,1.141425326119571,0.6145511068131168,1.3584777199701554
4554.879367457951,-0.29738640177372044,2.2843150373465373,0.8775667953950171,1.133223567164928,1.1517109229866485,1.34808664652661
4596.012590925311,-0.8692821528809174,1.3100268400574093,0.5107272187430141,1.130570869262763,0.7633919517714196,1.343178541827817
4637.517271447039,-1.9327957310816983,1.6908848698569012,0.6240486768352249,1.1334103097516945,0.9646248208745616,1.343659504434137
4679.396763497484,-2.173376556882207,2.809106471949648,1.0130075589558807,1.1415321105697647,0.8334632851687247,1.349225874378766
4721.654451843862,-3.0956239712779654,2.934901377915711,0.938120115429131,1.1545708182065773,0.22078948319485026,1.3593979792297202
4764.293751819827,-4.335568704140985,3.236344601494838,1.1125961893109924,1.172023997336238,1.0244462759832826,1.3735826549111303
4807.318109601479,-4.470066395033525,3.267636530222801,1.0845062337399027,1.193268970050644,0.978417118444193,1.391134518114552
4850.7310024859025,-4.704287354541033,3.049595994800453,1.238867071258549,1.2175693683567042,2.4298475306086402,1.4112532045541044
4894.535939172223,-4.865473677080544,3.7069883434831037,1.369037945551556,1.2440883252373176,2.2173353511527956,1.4331334689813007
4938.7364600451565,-3.801824354192916,3.0531797787267188,1.1114993975322471,1.271929583994093,1.698240869951925,1.4559907932094798
4983.33613746116,-2.888001540330039,2.3761517758773714,0.8450116203761012,1.3001911148544807,1.1791380822832536,1.4790760466642816
5028.338576037176,-2.153412131867715,4.4760197908962445,1.5511809633915867,1.3279351337873027,1.986544028538688,1.5016323868521195
5073.747412941925,-2.137454766825328,3.565440131715756,1.3128247675938731,1.3542560842768545,1.738201748675647,1.5229611917008559
5119.566318189898,-1.952201455223791,2.470201688661845,0.937715793463735,1.3783148605343234,1.5838454619597437,1.542490280168989
5165.798994937954,-1.6752843182155506,4.4824028823722015,1.44308935578642,1.3993579939307645,0.545482371860724,1.5596968114856757
5212.449179784641,-1.598933471059214,5.976537163579514,2.2091368184387266,1.4167444974440808,2.807161200113288,1.5741490420210722
5259.520643072157,-0.7355881703802727,7.663632784941945,2.588339770509302,1.4299761895248237,1.7083315392704785,1.58548009413893
5307.017189191099,0.5862215821964101,7.692948436747413,2.5222617351809027,1.4387318039484311,0.28389439609165557,1.5934578826462067
5354.942656887946,1.2189975299087827,4.367527990742442,1.5940343859390547,1.4428850581220112,2.215309978644481,1.597958516287994
5403.30091957529,1.2865377876044637,3.1089941670348358,1.0249733679577322,1.442453889388597,0.8916429507571523,1.5988920003733982
5452.0958856449015,0.9615723345355999,2.612111274529477,1.0151070340456518,1.4376143717219476,1.8528469053995889,1.5963409163492126
5501.331498783629,0.5630590446614605,4.718687610072167,1.7720178976602778,1.4287181861986764,2.9829454481989877,1.590429823753928
5551.0117382921035,0.32598075620328476,4.58653861457119,1.746399951633408,1.4162568102263486,2.9033040910301597,1.5813682628366397
5601.140619406366,0.2731481857708482,3.4703806846529273,1.4284242711044903,1.4008402426061708,2.7984562358125586,1.5694780218392541
5651.722193622404,0.9451986384417197,4.01848368199466,1.2949492120321113,1.3831696513274052,0.46461737319111385,1.5551451314899993
5702.7605490235655,1.5531677306665683,3.5014093423853185,1.1884109400379497,1.36403073508415,0.9350763242857321,1.5388512810632637
5754.259810610979,2.052580886503379,4.981915917240908,1.5774553944750667,1.3442357839796977,0.24409078322535027,1.5210985874630174
5806.224140636965,1.90293248662369,3.11893276712609,1.205941626849615,1.3246059882295071,1.9434804024160548,1.5024150908291054
5858.657738941395,1.941916421154755,3.109207108198954,1.2322297976006733,1.3059276382423273,1.5150364114477255,1.4833308815231518
5911.564843291153,2.1162102965254643,3.661519277230286,1.3362890581827205,1.2889430864202926,0.9455722110264309,1.4643562069871099
5964.94972972265,2.3288817220168117,3.7588584316492337,1.5028783044869625,1.274311400016554,2.5392671411488497,1.445981642078873
6018.816712887389,2.372424813902199,4.060055287006509,1.4304867485753558,1.2625758111947258,1.8568266665025177,1.4286552701791484
6073.1701464007065,2.3019650833002974,2.7471077570985747,1.077250229854285,1.254142754942566,1.5153762681334497,1.4127755692392359
6128.014423193621,2.2840510480056944,0.7725886993495434,0.2569161374959623,1.2492585129882865,0.2254869313923984,1.398597377458245
6183.353975867907,2.0962132992297677,1.6674971884879193,0.5594870413744258,1.2479737808584819,0.518162496614553,1.3863374271365672
6239.193277054305,1.7714423593332491,2.8420372112418306,1.1169667753044268,1.2501501031465758,1.9195401125754168,1.3761319329066595
6295.536839774025,1.2676106631841784,2.1927152949806303,0.8877089401463504,1.2554648815851825,1.651771150939209,1.3680666105222936
6352.389217803517,1.1870349329039032,2.4147476203616685,0.8648377016066763,1.2634339216301358,0.425614365865557,1.3620966697253036
6409.755006042475,1.3319572682623002,4.938568440024111,1.7846840727914106,1.2734095701483281,2.220157680642074,1.3581630748279105
6467.638840885222,0.6167053808175669,3.6542819720505766,1.2543880576179223,1.2846209769800734,1.1387428362756353,1.3561469849193493
6526.045400595454,0.3272612300173398,2.9172020077850465,0.9322804835797529,1.2962247298440472,0.3567813676509374,1.3558847529933988
6584.979405684304,0.3957104597312998,1.731212721895833,0.6817247122691987,1.3073672727443635,1.198177293303719,1.3572220965668758
6644.445619291875,1.0497386361710617,4.077578863018003,1.4665612199164293,1.3172229631146162,1.8667043816936233,1.3599700023595722
6704.448847572236,1.0840454446628267,5.844306382326934,2.016209773656545,1.325036149734479,2.531767042867716,1.3639108306282466
6764.993940081813,0.688056772786724,6.726136246775198,2.2089218171574148,1.3301645924230503,1.5814484129894513,1.3687935396496502
6826.08579017137,0.5256837794832754,6.704760559213424,2.1370420299300803,1.3321583065624336,0.7356925393155312,1.3743675171934866
6887.729335381479,0.2721172999802276,6.202197760146411,1.9874520228018804,1.3307513743332031,0.8821790310057649,1.3803833794288853
6949.929557841615,0.08954067151246432,5.103429320947368,1.7231271807734914,1.3258728270840474,1.761696352763705,1.3865820056917129
7012.691484672772,1.5742378512334316,2.7199724007286417,0.9288236115828142,1.3176826024185606,1.0531019995394133,1.3926555709324862
7076.020188393785,2.452338286046083,2.1876473159418754,0.7896067396951929,1.3065355286406448,0.9848012716766235,1.3983435450473478
7139.920787331321,2.804792595693872,3.4066259587062238,1.2079218987396567,1.2929670690233177,1.4913231874832662,1.4033696440883299
7204.398446033506,2.187348501871118,5.004664343664767,1.6266845841908855,1.277652833693007,0.24297040688486016,1.4074408975717057
7269.458375687359,1.8761981213198637,4.604452562918432,1.6349622941021125,1.2613150017536736,1.8062922576921419,1.4103225944906934
7335.105834539981,1.7953043854131256,3.3739492524911174,1.5153131686428727,1.244738401055896,3.1176809771678,1.4117770293615348
7401.3461283235,1.7447179405098843,2.9424309507471476,1.1647156019946208,1.2286945289283924,2.1535883011615238,1.4116713501925642
7468.184610683905,2.1458366607357897,1.7739083011418626,0.7109172784482621,1.2139134083986607,1.3276991272541903,1.40995180506127
7535.626683613761,2.8353147598811694,1.0619190860594876,0.3651415561285339,1.200997475727232,0.4434041827685027,1.406634819422459
7603.677797888761,2.8595356342906477,2.811462936757116,0.9895118622230363,1.1904001821137065,0.9983492307044513,1.4018138295234799
7672.343453508289,2.6361765156404013,3.4721438645804445,1.298414433005617,1.1823973179466434,1.8221404586225045,1.3956515564025054
7741.629200139962,2.2215230231728818,3.3811013757829267,1.388107259763493,1.1770769009120725,2.646377567092394,1.388408622672325
7811.540637568118,1.7508307864288377,2.043221601936107,0.8291452212752813,1.1743529200495706,1.5876391671580996,1.3803990097296408
7882.083416146418,1.3027961033815127,1.7498843033781863,0.6705105662924483,1.1739176333303372,1.181208964559764,1.3719867459833488
7953.263237254546,0.9119982759539463,1.541137572998597,0.5377112738430526,1.1753074126486847,0.5873732378652634,1.3635350075641883
8025.085853758953,1.0819593633204225,2.0324115664035514,0.7187874371824529,1.1779244913770472,0.7666147383087917,1.3553448549752134
8097.557070477845,1.3505355996955755,2.5690569980150393,1.0099541582460674,1.181082494691989,1.700521079997542,1.3477234571310968
8170.682744650321,1.6801872775946356,4.894236013230896,1.7174495702394812,1.1840365900944447,1.5533417238207416,1.3408547360528653
8244.468786409801,1.797239447348887,5.0337096767821645,1.7415330573272565,1.1860459381786739,0.7690934518629218,1.3348237654014408
8318.921159261636,1.4004531971240424,5.213242430362436,1.700120595438663,1.186367734976778,0.9368552472883355,1.3295440815955664
8394.045880565118,0.6336662447940268,4.127491448813129,1.5412140575659572,1.1843728172965668,2.4470476091811766,1.3248357113064828
8469.849022019836,0.284017058309704,4.6308794211362025,1.6553727439006227,1.1795604012021306,0.7433191500825783,1.3204249835512976
8546.336710156354,-0.13233943611285462,5.100434672812041,1.7748442832662559,1.1715512101483059,1.2687882087305924,1.315896058099239
8623.515126831384,-0.5856626895191844,3.4151670275979473,1.1425620044877016,1.1601280104924527,0.5465722978850788,1.3107410233644003
8701.390509727444,-0.8052184896390695,1.5808458756407209,0.5417689305268787,1.145271326303648,0.4892793087881684,1.3044647384110524
8779.96915285695,-1.3392358753052065,2.2927316628630963,0.7779461291828941,1.127092917213517,0.8487737990197994,1.2964828084069722
8859.257407070923,-2.0293239503688754,3.2260076423053303,1.310945864001458,1.1058764864888644,1.997422023011662,1.2862986350895471
8939.261680572316,-1.2552413216947338,4.266766259337961,1.6789723424229153,1.082056659572312,2.879616259490944,1.2735303878957835
9019.988439433868,-0.6023195720530603,4.060584950166314,1.589767036888339,1.0561651220823398,2.9344538569123815,1.2578748347242648
9101.444208120743,-0.054445438329895,3.8767450500100216,1.3203131369734924,1.0288343979573573,1.3667604197961674,1.2392066114329858
9183.635570017836,0.3443549961881461,3.2934220694114145,1.104967227812656,1.0007464904133554,0.9413479565645639,1.2175741344890412
9266.569167961881,0.4158792757047547,1.7416658776154355,0.6333379842522169,0.9725899948639865,0.8044034280186176,1.1931588402615971
9350.251704778282,0.22380280041097986,1.5068437871361184,0.6435902476595526,0.9450496223709921,1.3461788992940504,1.1663285646768093
9434.689943822877,-0.0029514701960590473,1.0513934718902014,0.37124125544713316,0.9187812592454185,0.5019206805615527,1.1376670457545888
9519.89070952859,-0.3170012779442869,1.817274359479846,0.643096663853981,0.8943407014969074,0.8940883729560124,1.1078157127629178
9605.860887956931,-0.686437803282835,3.378746912773456,1.3893008259895692,0.8722094408679266,2.395590606009813,1.0775776344032106
9692.607427354575,-0.7880026321379038,1.3748373859558054,0.5906850179185863,0.8527773573300055,1.2117537598997437,1.0478169546835052
9780.137338714954,-0.6898329092919391,0.8975713982159057,0.29992093262548675,0.8363104211264457,0.2196992736340263,1.0193377326550093
9868.457696344842,-0.4569031639002542,0.893054228389762,0.29994226708704524,0.8229704884274436,0.3011722933757187,0.9929869611597217
9957.575638436134,-0.7357559745735853,2.1551160431645524,0.7164804199314536,0.8128186158089444,0.6805912022256799,0.9696061042463539
10047.498367642806,-1.0938884201245234,1.9636472096674547,0.7888544247276257,0.8057982512172237,1.5223649896401983,0.9498697414036653
10138.233151662967,-1.5448627331115752,2.3417275119544563,0.8614344677784928,0.8017771922355024,0.42666220533269694,0.9343435014028364
10229.78732382632,-2.5392057125310825,1.5911385637772215,0.5809746324000021,0.8005627890889451,0.8930258895342429,0.9234553526484208
10322.168283686833,-2.6704804068767407,1.7172973765121347,0.6444194686412943,0.8019198459659469,0.2021283802798317,0.9174691095371394
10415.383497620729,-2.120532132704088,3.9690844400948877,1.3412102014879572,0.8055812244090906,1.1803149268723678,0.9164814558972509
10509.440499429975,-2.1957369654983574,3.595412620552981,1.151613139834992,0.8112706074201247,0.5633142245654432,0.9204137282523899
10604.346890951214,-2.6021632323239787,2.2921432076815567,0.7538503428110811,0.8186976673875856,0.631537675528548,0.9290360661754613
10700.110342670097,-3.2707584526405618,1.1579858136058432,0.39161119746436923,0.8275929041223524,0.3103838661915712,0.9419201964581008
10796.73859434127,-3.658110331897802,1.4012131869876292,0.47045538208795407,0.8377057660065456,0.41532352739476064,0.9585360318315368
10894.239455613819,-4.080148071849083,1.4448907970227647,0.5612843545685468,0.8488250410642235,0.9473693737366808,0.9782560748176794
10992.620806662615,-4.501058135230817,3.4956425982118686,1.253342116800719,0.8607557532941305,1.3876113941678958,1.0003977972361466
11091.890598825026,-4.250728578258354,2.1137756261358303,0.7654443189194365,0.8733401577486479,0.6520219730066876,1.0242242670687063
11192.056855243713,-4.002127469065707,2.171008207936416,0.7362374639802123,0.8864642770119061,0.7768194873954424,1.0490271619621425
11293.127671514982,-3.779996398480086,3.092162793685334,1.0780674164299224,0.9000157636017599,1.4104077939906183,1.074130034982038
11395.111216343132,-4.1414297971583505,3.1654345997192594,1.08670776170243,0.9138925715126663,1.152622335905217,1.0989919911751815
11498.015732200562,-4.258846175792916,3.1593434661762925,1.232735811384108,0.927981208819748,2.2366896027235024,1.123022623852732
11601.849535994115,-4.187325013029776,3.0847593826853474,1.3861413177097064,0.9421804998667723,2.8534204482740564,1.1458083013841414
11706.62101973707,-4.578094429560024,2.072570241584648,0.6913982196864307,0.9563639587112742,0.5786079693738273,1.1670246961615818
11812.338651227556,-4.641042001256083,0.6016369617676354,0.22257994322381347,0.970360685009726,0.2509258580225584,1.1864242241396346
11919.010974732852,-4.426594174289746,3.4959075114347318,1.2400897434469025,0.9839765104044262,1.4873624255634574,1.203825077571801
12026.646611679991,-4.314051152750007,2.6842436138563146,0.9234002864143026,0.9969893192580134,1.14920559882859,1.2191188900783498
12135.254261352478,-4.337593660211945,2.61728824959799,0.8972678644847335,1.009124478680561,0.6062842551680041,1.232196734577379
12244.842701593438,-4.47830697230726,2.8093012048395765,1.0582708366262517,1.0200998790835318,1.74499385730038,1.2430232751001147
12355.420789515096,-4.604279274143931,1.753493925436663,0.708651041707791,1.0296130965489367,1.381493693471311,1.2515110656489226
12466.997462214558,-4.978999423870114,1.9484957518375685,0.6335738967899309,1.0373721224837884,0.43836900512735166,1.2576232420500373
12579.58173749614,-5.547636840084243,3.9270589403255927,1.3516018888936787,1.0431112946648298,1.2597315567942173,1.2613086103291147
12693.182714600227,-5.449669735940074,3.8287853358123485,1.3508569823749106,1.0466261931438505,0.34065170826415514,1.2625747511671475
12807.809574938614,-5.405432038130958,4.058035194663044,1.4901999899305103,1.0477897908416676,1.9596809174708607,1.2614296053203287
12923.47158283661,-5.379486998315476,4.981420590664598,1.9119269777025336,1.0465598483643834,3.198983460574939,1.2579558604510488
13040.178086281852,-4.458888019124246,3.6193630443268825,1.4230750059596635,1.0430181778068226,2.1940522741643926,1.2523182079840842
13157.938517679744,-3.8282356491975826,3.697006758759002,1.212222716384548,1.037301417786493,0.8768441116297412,1.2446750794764727
13276.762394615822,-3.469824263320018,4.239848751325284,1.5069251499310434,1.0296585309897486,1.6566917163632304,1.2352620050611605
13396.659320625013,-3.622679727402231,2.4999462660062166,0.8809755380028714,1.0204136861034176,1.1396056602968527,1.2243880553092665
13517.638985967726,-3.9851512036164163,0.8662023775045973,0.31293093542948225,1.0099477142904214,0.36414054244230787,1.212384478064253
13639.71116841308,-4.546949738037712,1.8899931455530594,0.6705770208449504,0.9986598630957493,0.9323370685085379,1.199627403694073
13762.885734029227,-5.542748498836222,2.358258511529163,0.8274309510466524,0.9869528335721949,1.0835148184881893,1.1864061954261342
13887.17263798065,-6.3000476562142635,2.6515623181104333,0.9336534652410181,0.9751750039206947,1.2035596187847695,1.1730481927510017
14012.58192533279,-6.839944578854321,2.9503308153546834,1.038583699323284,0.963630826878369,0.1900889154635088,1.1597871937702056
14139.123731863927,-7.270999647301987,2.4835372968790956,0.9654766396961664,0.9525829697331378,1.7328598743204928,1.146869127749943
14266.808284884291,-7.452995021161367,2.396199659640578,0.8340958243642105,0.942202074083917,0.9502878209347863,1.134401937531774
14395.645904062698,-7.422185882620316,1.6080104366358414,0.6471218071238256,0.9325983867803813,1.0928679986137997,1.1224867633524014
14525.647002260665,-7.932874982362191,2.3540114758588535,0.9495803451908823,0.9238241676092074,1.6147027433750507,1.111170130395926
14656.822086373908,-7.689330850676382,2.1084335428241863,0.8361003302454735,0.9158879590991247,1.5578638596936152,1.1004712897343458
14789.181758181585,-6.746177675804549,0.5877761727953352,0.2047695617271091,0.908781999295286,0.1428585599556671,1.090411325290927
14922.736715203026,-5.332696604761183,3.260276252548805,1.0662812344782406,0.9025194058752267,0.45151911106560494,1.0810626794017593
15057.49775156253,-4.5013757673076675,4.752812303707941,1.570697548522658,0.8971064445810868,1.174408742854511,1.072456168716437
15193.475758861538,-4.2265655274759935,5.0807923070933505,1.9350848594170138,0.8925893637367531,3.10947270709515,1.0646854538761585
15330.6817270591,-4.969305449546623,2.9278469943007064,1.0850137718220694,0.8890655954857364,1.513643899679571,1.0578990173918732
15469.126745359998,-5.840940790244654,1.5344038921389327,0.48614822893220255,0.8866703745040956,0.08226994071119798,1.0522531365100505
15608.822003111041,-6.836462987484762,1.539775281004026,0.5215037624696603,0.8855810094411366,0.3125053072375037,1.0479539640107265
15749.778790705293,-8.068092307809977,1.2340244561853817,0.4747348123205781,0.8860133784575376,0.7049098324539349,1.0452404625875313
15892.008500494792,-8.891385811783605,1.4233829816618684,0.5844062063703214,0.888184969777708,1.0615468933776793,1.0442880679770705
16035.522627711043,-9.335113371862498,2.6896240219654377,1.0683544334839383,0.8923024906009781,1.8390382089692192,1.045272678049011
16180.332771394313,-9.934489292592318,1.4396857231453382,0.5047656186448022,0.8985905141219183,0.4060542156852982,1.0483827131476415
16326.450635330948,-10.684494246768137,2.1901564918201544,0.7401962260032352,0.9072170727547834,0.8126045361517775,1.0537551028906194
16473.888028999365,-11.56064795719907,2.8771095848083412,0.945178099911692,0.9183077494271821,0.44200385330157665,1.0614830018156873
16622.656868524402,-11.29277439474873,2.3987227060715615,0.8941613898661495,0.9319409438140024,1.1482609727352795,1.0716853332712866
16772.76917764047,-10.501681472714722,2.3093450579572927,0.8447932907699574,0.9481240164838638,0.8477019252408944,1.0844658803308367
16924.23708866341,-9.212337090528903,1.6590001784570312,0.5882149452269468,0.96679810489227,0.7319502723671274,1.099926092500985
17077.072843470916,-7.839384361078532,3.0331999537425105,1.008971757898173,0.9878613345584336,0.6714161733492876,1.118254660215607
17231.288794492008,-7.310113176345278,3.4244902258531456,1.2497037551363834,1.0111415962599961,1.8561985393511486,1.1396487352124267
17386.89740570539,-7.58122325600296,3.8507721843675773,1.5423991595737336,1.036415226079277,2.5888612902797954,1.1644182713980873
17543.91125364671,-7.068759892268353,2.1289713522932567,0.8162716413666934,1.0634285328663284,1.353715638431023,1.192959958638547
17702.34302842509,-6.174180585987056,1.5653102295250116,0.5322794105567789,1.0918773717346917,0.5216029807826628,1.2257027498733315
17862.20553474882,-4.914135211062957,1.9113455728483277,0.6609892175944988,1.1214328658129933,0.7571991886128773,1.2630924493488636
18023.511692960157,-4.08792765550354,2.554415906943136,0.8768007936473596,1.1517678899091968,1.0758224461680417,1.3056253254703345
18186.274540079612,-3.38378610907825,3.1681845709587617,1.1914693027006555,1.1825358361105751,1.8576936079490185,1.3537420122876993
18350.50723085963,-2.7998505416602875,5.66004329207594,1.8113436278076078,1.2133869015302352,0.7997491512602433,1.4077801937351357
18516.22303884771,-2.4595943109725287,4.855597525150174,1.5802436245994955,1.2440000169618588,0.7213971340385377,1.4679655982109627
18683.435357459228,-3.0317910730464166,3.6074331694078063,1.3550108765394229,1.2740714951923884,0.4972157928336447,1.5343354083483602
18852.15770106001,-4.496699508817467,4.224690167806695,1.4913811244425543,1.303324024942581,1.9120045576116929,1.6067201931053683
19022.403706058467,-5.437816015181023,3.4166037738787907,1.1993417889677396,1.331514528658328,1.1808053233583875,1.6846690301588498
19194.18713200779,-6.137066125681002,3.680606349625025,1.2445785206754565,1.358434055494754,1.1368040178933754,1.7675472564658543
19367.521862717866,-6.599135381907012,4.760515307386989,1.5661097268099344,1.3839116812547627,1.3086635426852258,1.8544423948945679
19542.421907377655,-8.010925846593043,3.8471510413509202,1.3425497995902342,1.4078094354030075,1.283826973938802,1.944251141088912
19718.90140168712,-9.078324327028326,4.200431349958721,1.3945629363371022,1.430038177302857,1.2256541051371475,2.0357254303132075
19896.974608999986,-9.80267610440205,3.9656190721295985,1.5873932119597014,1.450542899017413,2.984064486911464,2.1275247442485146
