freq,avg_deviation,max_min_spread,stddev,iqr,stability_iqr,cut_weight_iqr,boost_weight_iqr
20.144928000000004,-33.02267610440205,10.765973861914723,3.895401264254323,5.929246760420476,0.2038229616905609,0.3033470884645378,0.09201945607991212
20.326848476550488,-32.73368029548392,6.928595776389663,2.7159371734662536,4.919433569799395,0.2710775877814423,0.3756818460230377,0.1411368494312774
20.510411801354817,-32.745554118585126,5.446036729778463,1.946984057820213,1.021572305134896,0.8960921444325347,0.9210103328325128,0.8482600331842559
20.695632810293105,-33.05947745461546,6.051699276339232,2.3770997826142684,4.136201943200632,0.3447197257168952,0.449883019801843,0.20239473150602544
20.882526473222185,-33.40189964579759,8.476462305837057,2.9579254763036644,3.9134554413829434,0.37013985562020246,0.4745417072899106,0.22518983195762318
21.071107895185406,-33.40420899344407,9.521489445278231,3.129648199951608,2.5662313152868137,0.5774582191683466,0.6624306603494243,0.43881437977097437
21.26139231763352,-33.062331876616355,8.325403234179024,2.7634016349005632,0.933376071964581,0.9117440943780005,0.9330495746115963,0.8705815086828809
21.453395119656488,-32.663494035372885,6.392704839104887,2.3450359795716986,1.303023763348918,0.8412888939020979,0.8784334536282188,0.7716453324532001
21.647131819226413,-32.61000093984275,7.731504738948608,2.524480218085922,1.8768468596266317,0.7187032216703839,0.7805706073134351,0.609290473001665
21.842618074451792,-32.908905822448254,9.210385122517426,3.117573998148252,2.8303029551782046,0.5290814057131353,0.6203572670694114,0.38484313880582904
22.03986968484299,-33.8870600442473,11.150686608754754,3.8758768134162835,3.306005857272673,0.4515879020950843,0.5508796432255796,0.3034683813203418
22.23890259258916,-34.842655878845505,12.46393222670147,4.4206123183535,3.6997379665371533,0.3966844055847329,0.4998432663818841,0.24984329094731114
22.439732883846773,-35.77094396396441,13.129903137584108,4.718869556879307,4.559096610586039,0.3021618481188506,0.40754889605572325,0.1660961026762387
22.642376790039698,-35.82664416732378,11.175989660776942,4.067853620952505,4.409759423807561,0.316389190217328,0.4218579401023481,0.17796412162739636
22.846850689171017,-35.60382327300927,9.633476379934617,3.39959111493765,3.9988655134227145,0.36013072176998223,0.46488456661030486,0.21611766027245097
23.0531711071468,-35.09962563951054,8.072723027689758,3.0836885612509457,5.317809506046885,0.24142215066086095,0.34441561713804714,0.11862211732858186
23.261354719111658,-35.010646196426094,7.7369143314238045,3.2338310480496384,5.952775627955706,0.20254058959440238,0.3019145563716746,0.09115239934910506
23.47141835079655,-35.15735014722,9.561597828463164,3.70211048745244,6.381814443561872,0.18098617341725817,0.27748150950071176,0.07699598811479359
23.68337897987862,-35.545824085029366,12.69706001621855,4.3881340194074365,5.426013897784507,0.23412120518175517,0.33657399935381804,0.11328205704102393
23.897253737353317,-36.02356515536755,12.602323219314691,4.166251640758387,3.319710031850825,0.4495397904821412,0.5490047526969264,0.30140621848381327
24.113059908919055,-36.443269833966895,11.771070749168924,3.9749810328689037,3.651198693205437,0.40302263578434805,0.5058212602001215,0.255855147270439
24.330814936374153,-36.800792136143365,10.205232284170464,3.8030858617084076,6.185353640090668,0.19044152950122245,0.2882844687970769,0.0831079349496128
24.550536419026603,-36.75553810605373,10.327550216591007,3.922737041278749,5.134230806981108,0.2545225404668187,0.3583395030409913,0.12840719943966464
24.77224211511644,-36.400145533018744,11.183552093798795,4.154137273037869,2.6396083050467496,0.5636437739849195,0.6505093386116702,0.4231623996209925
24.995949943250945,-35.721788506924504,12.096249170339306,4.596637327216212,1.856109578323938,0.7231737046881064,0.7842092665140626,0.6149841736865241
25.221677983852942,-34.705959247329076,9.637321443794821,3.661496983851943,3.1128510744043965,0.48154500668381595,0.5780663149085403,0.33416066443193976
25.449444480622038,-33.92832139378239,7.8842630123402415,2.875112949696174,3.312680209485741,0.4505891414652828,0.549965619936547,0.30246218311219053
25.67926784200908,-33.41100545127297,6.608900888230284,2.280655348936391,2.720116419604082,0.548812836433055,0.6376291975677271,0.4065709935908635
25.911166642704014,-33.53584102791772,6.091913340427503,2.0174066131221373,1.3449875758816816,0.8326401157769023,0.8716517335003203,0.7597767445141135
26.145159625137115,-34.03021482925156,5.902743989421275,2.2516738585817313,3.7137859495906156,0.39487182454635544,0.49812932537140464,0.2481328247949707
26.3812657009937,-34.91026655836383,6.9709272706527585,2.835157872054596,5.154471500549157,0.2530323363561746,0.3567648170528179,0.12728113468673063
26.619503952742726,-36.1464469655134,7.191040855196704,2.724141995467292,3.6636044307644156,0.40139153659514676,0.5042851255031109,0.2543034878036883
26.859893635178945,-37.43537793784215,8.105030368145115,2.775615970605364,2.6213886842445504,0.567047771543545,0.6534535715772372,0.4270015702070474
27.1024541769792,-38.77386330778872,8.243629770604933,3.5565277257284613,7.582719575786967,0.13534315682538373,0.223139896092591,0.04979141322821231
27.347205182272642,-38.443333298892796,8.508239230860603,3.3332322300009714,6.060158364563186,0.19682663242299547,0.29550368195604737,0.08732242604958079
27.594166432225137,-37.66435543372344,8.396114533463866,3.2592207407232636,5.57758086449585,0.22438625702693754,0.32602221270544984,0.10629048317735756
27.84335788663808,-36.4348374813012,7.947238911451862,3.269895967236481,6.337927199415198,0.18304096503837222,0.2798409217439336,0.07831094148249436
28.09479968556151,-36.61124881392334,11.046586844838227,3.9786120616048533,5.271624680479249,0.24463151537822003,0.3478438298939737,0.12099532999530772
28.348512150921913,-37.22130665026773,13.090740624797075,4.610261058050993,6.171428955148322,0.19113744371717895,0.28907419843496585,0.08356389220081802
28.604515788164658,-38.272336518371795,13.928290683777803,5.092325944418571,7.673253925430473,0.1325892116338267,0.21972584395557712,0.048279446501990626
28.862831287911234,-37.91893461862295,10.15083745101522,3.8635752423686225,6.336041660340349,0.18312996982919832,0.2799429713142185,0.07836806718823336
29.12347952763158,-37.07808453101401,6.016100819842663,2.2965041991298176,3.859883592485005,0.3765895003716724,0.4807299229108162,0.23110125878183926
29.386481573331388,-35.736153788139994,2.134279876382621,0.994618208641431,2.0254727649894306,0.6868897216702943,0.7545104573300713,0.5692860302204333
29.65185868125466,-35.092570719516296,3.940678218244763,1.4084034817968079,2.040063038079289,0.6837940773626651,0.7519587220873533,0.5654419197232454
29.919632299601744,-34.958864641254685,4.494294291030663,1.9974751031521816,3.9242216367733462,0.3688597839893875,0.4733103274295007,0.22402266605142115
30.189824070262784,-35.37435113859637,7.08080287418354,2.913014089737224,5.739274193076888,0.21459601878346873,0.3152943914499793,0.09941055327981277
30.462455830566793,-36.22011567890806,7.896452121543049,3.3145319201615213,5.623963345166139,0.22151684854020293,0.3228903554951984,0.10425818167181561
30.737549615046696,-36.48664521946532,7.9765114783644435,2.9685474014346007,4.193453432277039,0.3385361106457264,0.44381681282058294,0.19697336334222035
31.015127657220063,-36.08442869171226,6.34834985536699,2.1708346968325776,1.6219928208653513,0.7738034375680868,0.8250361745194151,0.6806846892656309
31.295212391386183,-35.58286815042164,6.505513753482333,2.221333469929665,2.0379055994827553,0.684251461274354,0.7523359245423843,0.5660093433570441
31.577826454439176,-35.4181770105289,6.676432661518376,2.279978979919006,2.5674054381159905,0.5772349805287837,0.6622385850679293,0.438559943552773
31.8629926876975,-35.64052311632433,5.5895684472342,2.110422829150678,2.905640521681498,0.5159737787813624,0.6087945050595839,0.37063074939074364
32.15073413875014,-36.609584560828814,6.6219148558856205,2.2811719196376945,2.082960286516318,0.6747272302894848,0.7444682455678079,0.5542329686588099
32.441074063319206,-37.093193648843204,7.897372103879334,2.565777995403704,1.3374893655441156,0.8341924122585271,0.8728702192748534,0.7619024196969307
32.73403592713965,-36.99048472246732,8.180822457882861,2.7064887434884213,1.9528991475451463,0.7023669331476778,0.7672255246856778,0.5886350057292137
33.02964340785571,-35.85461845300904,7.545347487499484,2.6526868844028106,3.0985908124842965,0.48383806094741977,0.580129595546636,0.3365503476291034
33.32792039693453,-34.963869417173925,8.398149557570335,3.054968813282692,4.240722888398587,0.33353431102669195,0.4388896988432028,0.19262416775067723
33.62889100159725,-34.4001156840867,8.554864040504832,3.300951565677829,5.702177864634628,0.21678998757117385,0.3177089251926756,0.10093896114708513
33.93257954676729,-34.28724017944451,8.217218582851586,2.975859913117025,3.633722452937331,0.4053334885637979,0.507994914837716,0.25805883350097825
34.23901057703631,-34.34133564512032,8.06784498236081,2.756380625958799,2.0166242894681616,0.6887698774964034,0.7560588635372265,0.5716250051332025
34.54820885864802,-34.56970537650852,7.310113421795847,2.622924886576854,3.003704087202685,0.49938303325098476,0.5940531966464668,0.35289920044588585
34.86019938149979,-35.037101567783424,6.777453402782893,2.735460947155158,5.29051858615253,0.24331171964138334,0.34643540619655644,0.12001749066657305
35.175007361162336,-35.182051051825255,9.279323012681889,3.5088475713056178,4.769874635682427,0.2834493540449404,0.3884692111717549,0.1509083280284055
35.49265824091777,-34.93686218134978,10.299583316240081,3.835885923704032,4.470214888625385,0.3105287767974389,0.41598377276642534,0.17304249920498901
35.81317769381585,-34.47078821937678,9.996228068653231,3.4855223421887733,3.1529090659892773,0.4751638312232004,0.5723115775371689,0.3275405417830828
36.136591624749066,-34.783487053999075,9.865592592905351,3.478348027814358,4.674849627899107,0.2916943056416534,0.3969135847328554,0.1575403937454856
36.46292617254614,-36.02927258196785,9.919701486516328,3.9283656421298634,7.172236189671423,0.14890561332951144,0.23970842716834814,0.057460130055523265
36.79220771208477,-37.411406743404235,6.401145686433999,2.565867776078936,4.659963818340827,0.2930139345395474,0.3982595563172025,0.15861067419797498
37.1244628564232,-37.953962713379106,3.1674930709980984,1.2476675931005985,1.9433097981312955,0.704420860787166,0.7689076052851783,0.5912189054653876
37.4597184589511,-37.487471168095894,5.887268499174418,2.172211130308579,2.080873863126648,0.6751669670569411,0.7448321074918285,0.5547748683507187
37.798001615560025,-36.21681997838732,7.726983669837807,2.9176850653246644,1.5752316842659653,0.7838796126795637,0.8330806112748981,0.6940233048821578
38.13933966683323,-35.060724962323434,8.096909898378009,3.029258549752961,1.9778307293314157,0.6970360419880675,0.7628539972537451,0.581946221126017
38.4837602002554,-34.087972800559044,6.6419052343686005,2.685195325898528,4.29950688692006,0.3274422891462356,0.43286360879447056,0.18737090381857244
38.83129105244237,-33.960424662566076,8.35049261104978,2.871980282703266,2.7302529707309766,0.5469701073270308,0.6360228142408102,0.4045250202348001
39.18196031139089,-34.38124295906169,12.14480640367399,4.224639176954572,3.0052568516448304,0.499124625682719,0.5938226354894475,0.3526253224196332
39.535796318748694,-35.41625964277747,15.73437752502888,5.65506531560812,5.324043554394496,0.24099327938425305,0.3439566406450441,0.11830617064382401
39.89282767210521,-36.49493081890901,14.90994650126638,5.418727573207846,5.0282750857320835,0.26251656877200524,0.36674781861447114,0.13450396245847301
40.25308322730284,-37.45755267336365,12.48526116690924,4.571638936200648,5.181374354559765,0.25106955489444616,0.354687219280327,0.12580302352081074
40.61659210076902,-38.27564899128792,8.396992726156938,3.0350670676073026,3.926131932926431,0.36863321358553597,0.4730922641858039,0.22381629043245047
40.983383671869625,-38.44136551610029,10.02151037576732,3.198597641141103,0.7864422024290505,0.9356976768972793,0.9513748433178177,0.9051140924980022
41.35348758528338,-38.44603345868602,12.239219480889716,3.9885533095098715,1.2009564556761347,0.8618793843789188,0.8945093193662277,0.8001469224330319
41.726933753397745,-38.29544667702883,14.810277055429218,5.1750272788121,1.5921003712227986,0.7802487084547225,0.8301848311527148,0.6892068538760616
42.103752358726524,-38.643482620282285,12.478600722754535,4.424830708012059,3.073069399000431,0.4879700332634192,0.5838413688715911,0.34087074400585327
42.48397385634931,-38.704983796743534,10.76207379455849,3.728783245983996,4.219496812115139,0.3357688595247598,0.4410931482277243,0.19456316541344512
42.86762897637286,-38.37630431206489,8.091460266983013,3.4237076242983457,7.012532929354101,0.1547039859002017,0.2466755626546804,0.06084883321100316
43.25474872641472,-36.109120118888896,9.396465682595753,3.2961304636962407,4.154859728771868,0.34268926603362054,0.44789413546265083,0.20060915658183542
43.64536439410938,-33.17741311601189,9.626723112802228,3.508645683955171,4.740488626943652,0.28596636804374465,0.39105353821187333,0.15292286974802508
44.03950754963699,-29.55491586669107,10.46818151381392,3.4616569667598514,3.184687637386798,0.47016452553802457,0.5677895477759471,0.32238497056361454
44.43721004827479,-25.737468969487672,10.323843066948434,3.321671328121373,1.8017936931768155,0.7349062196880448,0.7937320960966899,0.630010640374045
44.83850403297189,-22.1160128422188,10.048922039130215,3.212405960823943,1.4525400446934782,0.8100902988785658,0.8538863547823292,0.7291219068834538
45.24342193694701,-18.75650463572281,9.68412367317648,3.1106155583566433,1.3280288495544532,0.8361467639446188,0.8744034952977078,0.7645814725888485
45.65199648630971,-16.075954697064613,9.193778753314907,2.9888533756119195,1.2035176432305814,0.8613713935007093,0.8941138730289323,0.7994396179427977
46.064260702705546,-13.734550434318619,8.640838205016305,2.8533775787817253,1.1045527151250596,0.8806230607340548,0.9090599832034512,0.826390053061859
46.480247905984825,-11.770410686375088,8.018284898214205,2.68651652643229,1.0380599459971425,0.8930725743346398,0.918681698150935,0.8439760625174858
46.89999171689552,-10.257266474252258,7.333147954431778,2.463862115644211,0.9213223079422672,0.9138136832660306,0.9346375873419399,0.8735474196723624
47.32352605980066,-8.943755148546535,6.749356596120309,2.268016878063802,0.9036536556196317,0.9168153161948643,0.9369391686387999,0.8778550057295654
47.750885165420144,-7.848704752441057,6.300592902175391,2.11237027164197,0.7559349382905021,0.9402976174569874,0.954880449950487,0.9117966736976446
48.18210357359719,-7.027687224679882,6.022808722805218,2.021023946023676,0.6055281605989329,0.9608543298394165,0.9704946902705229,0.9418599438432783
48.61721613609002,-6.286880157463891,5.7879675885431885,1.9457429300770024,0.46632108247922055,0.9764083097057538,0.9822535342253927,0.9648220054982748
49.056258019388665,-5.626020163639442,5.593834691288718,1.8852728756741157,0.403481496635405,0.9822327928388117,0.9866447789217447,0.9734679197735385
49.49926470755708,-5.002137264241467,5.451412068299598,1.83495704687488,0.3590089351682746,0.9858813665166484,0.9893922263384743,0.9788969775390028
49.94627200510103,-4.362206604306054,5.267132762242749,1.7656803468326996,0.3368164154995381,0.9875518759323691,0.9906493039637975,0.9813860434439564
50.39731603986195,-3.6980616855810564,5.0237169753723245,1.6717233344502453,0.37296993881518103,0.9847789743872369,0.9885623718847425,0.9772555631063878
50.8524332659368,-2.9797587717641787,4.891294593668225,1.6155426134591138,0.49304798537600725,0.9736996881158099,0.9802091972865652,0.9608100704451725
51.31166046662429,-2.2586199644247786,4.743100955789794,1.5642835218310496,0.5650632137570086,0.9657381393810283,0.9741919517164174,0.9490499587890425
51.775034757397876,-1.5388254249039344,4.563830424796039,1.5129585010207702,0.6296033449937029,0.9578135928299384,0.9681903440793735,0.9373925423685356
52.24259358890546,-0.8270266273472802,4.424517281751129,1.467458520420224,0.6964409017947896,0.9488636374067349,0.9613971998118966,0.9242845758061559
52.71437474999608,-0.09573029088274286,4.219829788642692,1.3990385161679515,0.7630641090959668,0.93923495925948,0.9540709815458083,0.9102514378277821
53.19041637077429,0.6621336327786667,3.924783629857673,1.3002265518380534,0.8296873163971414,0.9289477736336201,0.9462229419372729,0.8953378558484276
53.67075692568173,1.456254662498364,3.7609903767941644,1.245737787652433,0.8343809278704042,0.9281994863200402,0.9456512322346557,0.8942562530269228
54.155435236606706,2.2349086933644053,3.62820982129632,1.205711680853462,0.8343809278703986,0.9281994863200412,0.9456512322346565,0.8942562530269242
54.644490476021936,2.98927618311161,3.5235160776938246,1.1811168417621938,0.8343809278703986,0.9281994863200412,0.9456512322346565,0.8942562530269242
55.137962170150445,3.6886173322214946,3.50565593897607,1.1818608109597846,0.8343809278703986,0.9281994863200412,0.9456512322346565,0.8942562530269242
55.63589020216014,4.362215971755295,3.4471845740196674,1.168575864442476,0.8618021578632984,0.9237682845920034,0.9422633207336694,0.8878601656000419
56.138314815387226,5.00698878138057,3.3250201475428023,1.1350625978683488,0.9602372604142841,0.9070701038368609,0.9294598621978084,0.8638956354367691
56.64527661658882,5.6088934963655595,3.3159355130885473,1.1429771863066736,1.140503469684373,0.8737229428768735,0.9037125322737423,0.8166963409886197
57.1568165792248,6.159396793120271,3.272196337095199,1.1422039764969314,1.3023830007458823,0.8414202010215266,0.8785362800624886,0.7718259953860355
57.67297604676925,6.644925453339531,3.169197632336722,1.1237819931898245,1.4332828795316335,0.8141628282609552,0.8571038632826977,0.7346270324541254
58.193796736052086,7.288840285065198,2.8128190572825176,1.0168121677112485,1.4177425657744687,0.8174391388453782,0.8596893979384778,0.7390658609278223
58.71932074063057,8.107436703902112,2.3036800844766194,0.8517637625494688,1.2640641101230479,0.8492282059951646,0.8846435343230535,0.7825941828195836
59.24959053419133,9.14672944342094,1.6145032274195348,0.617166298784781,0.9382501351866654,0.9109022874065753,0.9324033913847565,0.8693760842657955
59.78464897398328,10.349463291527234,1.250620137090623,0.4720650724981764,0.6286676001342251,0.9579336271740979,0.9682813437321731,0.9375687606197829
60.324539304281366,11.476703602003246,1.0469919695070562,0.3906431151778755,0.45920686040422076,0.9771062973304894,0.9827801117543031,0.9658567480598006
60.86930515988151,12.480898933780313,1.0056622562890851,0.3808458773507777,0.5010581149320643,0.9728615688026371,0.9795763373605676,0.9595698007167446
61.41899056962746,13.178852387387112,1.0708186305328127,0.4009485194377781,0.5576592489969165,0.9666003245840797,0.9748441783546403,0.9503211720719339
61.97363995996914,13.825936167903237,1.138712400344133,0.4292445816227344,0.6434481086063872,0.956020358150097,0.9668305290161296,0.934761271837609
62.533298158553215,14.43949648136574,1.1975132288178028,0.4669578529785727,0.7679594311871529,0.9385009026146706,0.9535116881194151,0.9091845393803367
63.09801039784628,15.220464626982755,1.2023461736238517,0.47148011903240267,0.7790309341938286,0.9368277093633621,0.9522364375104132,0.906754232922523
63.66782231879057,16.00971582583512,1.3311629304915158,0.4862055398342407,0.6534423369884976,0.9547058998965002,0.9658333664816624,0.9328340918093012
64.24277997449262,16.789581153830515,1.522296563403284,0.5207158424729134,0.5771713464181119,0.9643070568330612,0.9731090436455332,0.9469412108247243
64.82292983394547,17.775118850851584,1.7134311248175216,0.5674077283371765,0.4735560806120098,0.975688513305803,0.9817104050945061,0.9637553194708193
65.40831878578436,18.868695378829,1.917331249476785,0.6192741555436293,0.33216130209301653,0.987889448909552,0.9909032669372506,0.981889284426916
65.99899414207637,20.0879951776985,2.1392355151843496,0.6816264580851746,0.19601765034222396,0.995748935451574,0.9968100043727803,0.9936301848176623
66.59500364214404,20.930006257272783,2.3250352152706135,0.7441273574439742,0.31479168869695684,0.98910948613438,0.9918209447757379,0.9837087864958374
67.19639545642404,21.313833674704632,2.53494329045175,0.819218405371162,0.4530339154484757,0.9777040322035175,0.9832309816121869,0.9667431632020647
67.80321819036027,21.096756660588152,2.7839652377519144,0.9123242637388634,0.7020558627486508,0.948078738167805,0.9608006878739695,0.923137961819093
68.41552088833203,19.867822286275402,2.9722310639246885,0.9896633037430798,0.9552389526641996,0.9079462129968037,0.930133081958585,0.865147550153776
69.0333530376182,18.231772024446528,3.207674003547069,1.0906557311458704,1.2581176692042213,0.8504317302544571,0.8855836539357516,0.784258408118197
69.65676457239668,16.1522422088217,3.519146849727715,1.2270575685749654,1.631650831762851,0.7717184440817292,0.8233683332478489,0.6779354121953406
70.28580587778012,14.174619523292204,3.826468520746218,1.3737174996506043,2.0540652249461804,0.6808287134195453,0.7495116671666958,0.5617677392189998
70.92052779388827,12.124094364075432,4.19742276529206,1.5558266161941476,2.5654620793323915,0.5776045139759102,0.6625565228284992,0.4389811459425915
71.56098161995689,9.953659874907839,4.660917941317162,1.7878085351988688,3.1984491891171096,0.46801684149294204,0.565843212872658,0.32017854155405223
72.20721911848372,7.295222820877293,5.301753414188497,2.1067477715489336,4.015168758666057,0.35825771876113294,0.46307002238653555,0.21443384563306653
72.85929251941222,4.797983707370225,5.780752531117794,2.306576366598117,4.324153456350398,0.3249296522944463,0.43037001904198946,0.1852183532902024
73.5172545243528,2.6075746811093357,6.090531986739009,2.3568600562535997,3.773694072111908,0.38725055930400826,0.4909011395649086,0.24098392882612588
74.1811583108421,1.6641885355291903,4.659336900113199,1.7653926227623957,2.6796848688544763,0.556217832579816,0.6440709055306402,0.41482733135105887
74.85105753664104,1.3025870529227053,4.2222514743768125,1.431615881824322,1.5238696774131926,0.7949000067881423,0.8418493395527193,0.7087103105053498
75.52700634407155,1.6055320275521168,4.605398396973975,1.6561574390931608,0.9420535391051703,0.9102434362942968,0.9318975435747436,0.8684330317206411
76.20905936439239,2.0630631764268843,6.72685693878182,2.172014769972592,0.7079198068688344,0.9472537083336865,0.9601735441641455,0.9219332349127363
76.8972717222144,2.6097408946709084,8.498454416408004,2.709177195213779,1.0771370766901813,0.8858072174609033,0.9130707088458527,0.8336981193522679
77.59169903995598,3.264132569916193,9.880328074493564,3.176946951247608,1.3322864057482544,0.8352678239041805,0.8737140386381651,0.7633762213134131
78.29239744233854,4.299569772837726,10.301714274819714,3.3327930551627056,1.272918630207311,0.8474319456912273,0.8832397856941707,0.7801125190330847
78.99942356092234,5.513519583153367,10.411225150073022,3.383724602043721,1.1437664060236035,0.8730911905505646,0.9032224105629278,0.8158107229431062
79.71283453868392,6.93224229332815,10.210704317977605,3.3275332230581025,1.3297357322808487,0.8357945068820006,0.8741272001753463,0.76409836208639
80.43268803463428,8.535300803847084,9.847161637012025,3.214159749182889,1.5238199646688493,0.7949106439748254,0.8418577886282588,0.708724536274062
81.15904222847887,10.186195781372875,9.4722588386897,3.1108893914047147,1.7594135284335835,0.744076163864141,0.8011485375626308,0.6418389792387421
81.89195582532001,11.878323924337513,9.107460018571004,3.0312623310385836,2.0750593530952806,0.6763931338519468,0.7458463912973022,0.5562868394112084
82.63148806040144,13.232933891158206,8.535260220554303,2.8963633200976036,2.4712177745829234,0.5957535761651588,0.6781097573342761,0.4598328429919508
83.37769870389562,14.183124674989278,7.879431314105053,2.741702111877396,2.8141683921246603,0.53192923749655,0.6228599355433225,0.38795449930503195
84.13064806573476,14.577729234446808,7.132366584916992,2.5631150828478555,3.069969228177925,0.48847441730480523,0.5842939205918417,0.3413993856405854
84.89039700048501,13.951153050656004,6.501218578425986,2.448118167283497,3.48925310472978,0.42503177951903603,0.5264002083677266,0.27709717936958594
85.65700691226475,12.934332196475376,6.076009798134921,2.377300203356174,3.845893820432602,0.37829591453513256,0.4823627231917376,0.2326737967249489
86.43053975970741,11.501320313600107,6.009386590833743,2.3541493920635475,4.013690584473062,0.358427048519319,0.463234164495182,0.21458589115554938
87.21105806096924,9.989815658654111,6.061928963715101,2.407670351219351,4.3481083666118945,0.3225107520205632,0.42796489714612573,0.18315395318929398
87.99862489878193,8.462172262699987,6.20014433399999,2.5310567702431537,4.815295794475525,0.2796153547576089,0.3845216191560993,0.14785687559842825
88.79330392555104,6.923942777127032,6.878374685760516,2.743286940659798,5.027288141325751,0.2625925831517582,0.36682746244179404,0.13456238720148583
89.59515936850067,5.202452335081379,8.376098155788029,3.1371684409856595,5.068988518380834,0.2594060294866298,0.3634837917004308,0.1321204668289222
90.40425603486429,3.3023284552690955,10.19008136033384,3.67195970010075,5.297294799559148,0.24284070397215543,0.3459322984264193,0.11966915509458524
91.22065931712247,1.1588010562697633,12.401691328557849,4.373218036481969,5.788169577640128,0.21175022187063358,0.3121532820350513,0.09743967148525429
92.04443519828821,-0.6459888786037238,10.924997248222436,3.9268669441912363,5.7316786854058765,0.2150427643876302,0.3157865479271782,0.09972114385176402
92.87565025723973,-2.0153109931256203,7.839367751877139,2.846508597892505,3.3034585687207816,0.45196971758221766,0.5512289309665517,0.3038533343345274
93.71437167410124,-2.7672540055002863,6.112265617815445,2.2170781909574355,3.2814215385641337,0.4552875430317479,0.5542610062890683,0.30720526309257057
94.56066723567295,-2.8098924444687543,6.690452105159954,2.5714796600832006,3.792579316725651,0.3848841805943327,0.48864959809236375,0.2387784297158286
95.4146053409095,-2.266953503506602,10.222130087521913,3.800989973852173,6.2433848279125215,0.18757872792771182,0.2850281078440428,0.08124102226115532
96.27625500644788,-0.9391058504369663,11.54037154606618,4.096744602793938,5.409092445666706,0.23524318773819225,0.33778300258494354,0.11409735683529998
97.14568587218585,0.5298647491996894,9.616264875285996,3.3811881811145925,4.23719505242993,0.3339044098930077,0.4392549012865386,0.19294486830424679
98.02296820691015,1.7796931979830115,7.661383666436995,2.65575829377213,3.0977674519796317,0.4839708013807993,0.5802489598850532,0.33668885544768606
98.90817291397563,2.6514291901089653,6.3191380431069835,2.1451477222878244,2.078991017761168,0.6755639108320545,0.7451605093100597,0.5552641846352276
99.80137153703589,3.183670783815333,5.463449853258749,1.8138100191512392,1.1860353359658506,0.8648291440940677,0.8968044145942142,0.8042581580356712
100.70263626582567,3.575982289708508,4.746584959429214,1.5549816132092125,0.7184679024945422,0.9457560436932424,0.9590347502437196,0.9197476521750337
101.61203994199519,3.814625941752217,4.150757980828071,1.3564607456890903,0.45246172371519755,0.9777590653938764,0.9832724895393941,0.9668247886849978
102.52965606499727,3.8426927962007316,3.943634611881965,1.2831162985059315,0.5175129157152751,0.9711021978228919,0.9782474010632065,0.956967977686918
103.45555879802767,3.902607392556132,3.8694204737258726,1.265821390338699,0.8120485185137083,0.9317326914539154,0.9483496762969861,0.8993671085325983
104.38982297401951,4.059529764998942,3.9267871132854935,1.296381425855164,0.9931445399282084,0.9012314356771748,0.9249691514971072,0.8555679312212785
105.33252410169074,4.341417623167903,3.8751944146167565,1.2445831266569891,0.4297817051979056,0.979889156262543,0.9848786290145229,0.9699859138895263
106.28373837164712,4.700443968124743,3.8780791511221873,1.2423037655546567,0.4738667721320873,0.9756573789938746,0.9816869101474945,0.963709189554935
107.2435426625405,5.157836264316576,3.994115695771021,1.3850970207043964,1.7686509426534514,0.7420767135443551,0.7995333850056,0.6392536337385131
108.21201454728156,5.948479699498554,4.198935573681075,1.5045909549674168,2.216842918506118,0.646812283297009,0.721246459190747,0.52019645489519
109.18923229930968,6.748337574592884,4.27266981652499,1.5311329605061281,2.2512005234861396,0.6397541616651455,0.7153356011898134,0.5117050223295918
110.17527489891953,7.487557263542394,4.11021862317106,1.4258241730475218,1.7963110113047511,0.7360919565730875,0.7946923897824043,0.6315359943780688
111.17022203964366,7.8191438898323185,3.8211184205458864,1.28955983659995,1.3543379949261674,0.8307003666417281,0.8701283155427897,0.7571232855093326
112.1741541346938,7.911360029917661,3.544678609545559,1.169894289591764,0.9500893589942798,0.9088458154003132,0.9308241854245813,0.8664336641713353
113.18715232346032,7.701112520633248,3.3188641127565743,1.0844211458376527,0.6055003659454794,0.9608577827854538,0.9704973059617252,0.9418650208789664
114.20929847806944,7.243218332624736,3.2576218300562108,1.0666810709101167,0.5242285156461071,0.9703697032537668,0.9776939357636186,0.9558854320289549
115.24067521000048,6.711086278667953,3.2340261380852695,1.061586692324832,0.47409672886983945,0.9756343232228779,0.9816695114049118,0.9636750296219582
116.28136587676305,6.113981452594729,3.2340261380852695,1.0616947860797494,0.34958580725658095,0.986603001524298,0.9899353302943897,0.9799719581650624
117.33145458863352,5.744099512993672,3.2340261380852775,1.0518959430114319,0.36879592825254104,0.9851127100129664,0.9888136245894498,0.9777523841737253
118.39102621545317,5.407545972603828,3.3102808679772444,1.0768718732285603,0.5209347012897902,0.9707300133334469,0.9779661953705809,0.9564178792876092
119.46016639348794,5.07135221596699,3.515365957318221,1.1721737526147293,0.898357643953573,0.9177074912376862,0.9376229040283367,0.8791367101585316
120.53896153234894,4.407101891039234,4.048349327680161,1.3475899597360261,0.9633477783279325,0.9065234385733044,0.9290397113416936,0.8631147852498574
121.6274988219766,3.9101619729463515,4.324093556694234,1.426585907142882,0.7327186514610227,0.943705193695263,0.9574745936571809,0.9167575974989836
122.72586623968783,3.781164108056927,4.078723811129027,1.3948476495846527,1.4822483652952458,0.8037824059212925,0.8488947969913037,0.7206223763589067
123.83415255728582,4.749817493307952,3.2174292404645186,1.082181522806448,1.1604377415648717,0.8698496412431661,0.9007061778074021,0.8112716187404194
124.95244734823497,5.761954813718091,2.553822756446098,0.8429169211757582,0.3647560360219222,0.98543235720648,0.9890542508742057,0.9782283111723362
126.08084099490085,6.564223524352668,2.8443323024560137,1.003246810603859,1.3305350182062012,0.8356295012484247,0.8739977669195841,0.7638720965804197
127.21942469585424,6.736223881675445,4.1323532938743845,1.5127305173746979,2.2908653797609295,0.6316647567788006,0.7085409982345715,0.502030346179243
128.36829047324233,6.531542910230411,5.7439637654903075,2.1505629386975307,3.2688031262560218,0.45719919852357155,0.5560055098073622,0.3091421269361447
129.52753118022648,5.841839400180767,7.921026676116474,2.8947199190483084,4.132822900054691,0.3450890457225483,0.45024446247389566,0.20272007598840724
130.69724050848598,4.387084119669948,10.077216313282605,3.712332658163249,5.659608136469992,0.21934546978296096,0.32051362931105004,0.10272898657414119
131.8775129957909,2.739152259852424,10.97857415928873,4.249677406158222,7.655317896028347,0.13312842976729858,0.22039569501255077,0.0485742623800653
133.06844403364263,0.9623641544156989,11.281488157513538,4.549945688451315,8.701157250066988,0.10624466287781272,0.18609313065485433,0.03463065327692468
134.27012987498347,0.4759055295975253,10.240086935108923,3.8862649244259244,6.21571967985725,0.1889360274117654,0.28657353749380615,0.08212439239171392
135.48266764197643,0.7213877529975989,8.124191427499948,3.174949809079138,5.501477574135528,0.22920443739012156,0.33125867925809493,0.10973231258381741
136.70615533385407,1.895752604788109,5.85808670185107,2.1999940015754516,3.2940820852752632,0.4533781938132693,0.552516778538275,0.30527479056631324
137.9406918348392,2.9444767907134066,5.337110915076189,1.9560257601286166,3.007169631982071,0.4988064892106635,0.5935387409204935,0.35228823697348466
139.18637692213758,3.829271879397796,4.981120266047505,1.808284038844774,2.6996899546446893,0.5525429735513138,0.6408767928853053,0.41072306365895445
140.44331127400085,4.4587665830562555,4.417884101271999,1.6560015135901738,2.4347599076497657,0.6028916367821953,0.6841942886738248,0.4681218246538812
141.71159647786422,4.951473998326506,3.5393495485897764,1.503989256718184,3.135143001256558,0.4779829974479467,0.5748563543094433,0.33045982808994423
142.99133503855725,5.399484884104234,4.029593290052941,1.5221035592886243,2.494888536653958,0.5911536298655596,0.6741790774869066,0.45451742852109644
144.28263038658758,5.8075941794303,4.585525156598016,1.6870333231686954,1.861251561036613,0.7220646790528178,0.7833071232955758,0.6135700494055903
145.5855868865008,6.384964856922401,4.959971135640734,1.8109651974108179,1.4838627668228028,0.8034388101807312,0.8486226223742379,0.7201603552053284
146.90030984531586,6.863812019738105,5.128501927274202,1.8574955258119776,1.2271483885898746,0.856662052088994,0.8904450969541283,0.792892470689647
148.2269055210351,7.113563566524552,4.979479859056315,1.7800853737189422,1.1113732461304409,0.8793226838086997,0.9080530209078399,0.824560288779854
149.56548113123281,7.007571840171586,4.555059263083183,1.6044739534501078,1.1253822941173537,0.8766388622855475,0.9059735938234693,0.8207881527054126
150.9161448617211,6.97341712011767,4.12944518678365,1.445788219526303,1.160556308403474,0.8698265061323365,0.9006882109035211,0.8112392532605859
152.27900587529274,7.180066291595016,3.786680273536076,1.3384609020947826,1.1383920149825721,0.8741312754882947,0.9040292749106662,0.8172689298955049
153.65417432054437,7.614717571376283,3.7363723117091183,1.3487647290215132,1.028902621797478,0.8947531135966252,0.9199779403395303,0.8463594107113643
155.04176134077926,7.948213242428592,3.6577018595690083,1.3547446745639398,0.8792703532958841,0.9208935690350188,0.9400632608365662,0.8837189343746779
156.44187908298926,8.023572762002985,3.4620543815103186,1.310813108926062,0.655753508220581,0.9543995666934757,0.9656009294318735,0.9323851549196979
157.85464070691907,7.5784028900388885,3.1381316839166233,1.148843400411997,0.2139464712938688,0.994939836306899,0.9962024716617117,0.9924193645449035
159.28016039421257,6.953449859069926,2.556236674942668,0.911975724662941,0.49440458914252705,0.9735585923826588,0.9801026661027394,0.960601236101698
160.71855335764013,6.163720789878707,1.5890894668561018,0.5876093187389022,0.8719815904630712,0.9220979015556169,0.9409851619816519,0.8854530750696358
162.16993585041075,5.81785297219341,1.4528446985187777,0.530517568519374,0.2848920359455205,0.9910624368348684,0.9932893108438133,0.9866236550365777
163.63442517556842,5.689978410116206,2.629446974328264,0.886923663487029,0.19551648825304557,0.995770553399514,0.9968262350667345,0.9936625429173206
165.1121396954717,5.82259904476057,4.0574769053345525,1.3133827762866388,0.43352190113309597,0.9795447931285012,0.984619030168513,0.9694746345699832
166.60319884136038,5.847416311897238,4.778786832934024,1.5307209804911635,0.582531754448155,0.9636651918619349,0.972623210382859,0.9459959093754593
168.10772312300872,5.6958099363384385,5.204025318702481,1.6593415030904066,0.652522671060777,0.9548275503342262,0.9659256662520685,0.9330123927245025
169.62583413846414,5.247935940007414,5.31080534839975,1.6932802991914386,0.6147132871841023,0.9597059537283131,0.969624636819266,0.9401719363268936
171.15765458387557,4.408067993901199,5.155918492459726,1.6444344306421133,0.48791627172358876,0.9742302789496881,0.9806097735142719,0.9615955279117117
172.70330826341038,3.539103696666206,4.707862073262374,1.5127859121194231,0.482735577469116,0.9747608806707307,0.9810103034223863,0.9623812154208823
174.26292009925945,2.7512012674005755,3.7928642995533726,1.2502376956862282,0.5402473298304602,0.9685889636800685,0.9763479915684108,0.9532554006396695
175.83661614173417,2.135749699450288,1.8192205589834303,0.6993043373136556,0.44162218362809713,0.9787896124508867,0.9840496557883263,0.9683537250571234
177.42452357945402,1.525223738555189,1.4758793894986484,0.5184205863119472,0.654638633048716,0.9545474478262395,0.9657131398194697,0.9326018684199787
179.02677074962585,0.8626968172246994,3.5272889980586446,1.3047561932511575,2.0926880071675873,0.6726787657558938,0.7427724533230634,0.5517109174155624
180.64348714841708,0.7836351902563881,6.628004866250846,2.39198534584009,2.3674857968805343,0.6162277835996197,0.695514128319658,0.4837399026922537
182.27480344142063,1.311900691029114,8.3268670433713,3.0634411665722907,2.2735605828508696,0.6351860138944245,0.7115012954024662,0.5062340933593875
183.92085147421614,2.8035572896464083,7.244595095963879,2.7004527021509444,1.6674326076205306,0.7639852918629222,0.8171725097904284,0.667770910757188
185.5817642830265,4.508825444120741,5.778245881118353,2.1689977994699503,1.0807887855228717,0.8851207311525053,0.9125399461117426,0.832729153249622
187.25767610546885,6.040159052293308,4.615458122487148,1.7371890956665295,0.6649116055233968,0.9531770374547067,0.9646731226781009,0.9305942336175184
188.94872239140452,7.151894523044482,4.106461545295652,1.551406079717334,0.9962022166536721,0.900682820574166,0.9245468204653985,0.8547868232326777
190.65503981388682,7.33740551965798,3.742046875577424,1.4589240581699665,1.4722041375068384,0.8059183042290635,0.8505860675541177,0.7234966583171781
192.3767662802061,7.053932030349021,3.628253646049786,1.4203118251586757,1.9845937811908838,0.6955923609627115,0.7616686892335965,0.5801391921588251
194.1140409430361,6.200137972106648,3.4389445854734326,1.4662024416707384,2.7367450046073376,0.5457928304891058,0.6349958249876788,0.40321969775178274
195.86700421168118,4.786643221672539,5.3207489365017455,1.9846514643556323,2.95250951193899,0.5079777218812587,0.601704832608169,0.36204870558402463
197.63579776342317,3.274509886251098,7.8359996346762415,2.7866919402346833,3.298994187827818,0.45263973492943027,0.5518416897445139,0.30452925054008023
199.42056455497266,1.7851753785072548,10.880329027279334,3.867011337635142,4.03549983547124,0.35593861339255983,0.4608200091231639,0.21235508080827287
201.22144883402342,1.0713091487791675,12.29026738656231,4.308563888908749,2.9767596603921365,0.5038883926305397,0.5980682752022232,0.3576856618033622
203.03859615090968,0.24190649056708205,13.058072911581688,4.55493990909953,1.803152674285434,0.7346123465677907,0.7934940369579518,0.6296327866878274
204.87215337037023,-1.1296179966758675,13.191975589303649,4.589408151974606,2.4756922968222175,0.5948819392422574,0.6773655230286277,0.4588240517878464
206.72226868341895,-2.1976983633823415,9.150875034396963,3.1250120435978332,3.3512959733162972,0.44485778431251366,0.5447106867434429,0.2967097322525132
208.5890916193206,-2.861431134491152,4.560111112491875,1.5820014261186992,1.8486624942505556,0.7247804770560332,0.7855156913852692,0.6170349014124775
210.47277305767656,-2.8311572986123634,4.111960444221904,1.4560784934065845,2.0307920243212716,0.6857604604585004,0.7535799426678901,0.5678827299913405
212.37346524061994,-1.8825782580957418,6.595235144308435,2.3922931754646357,3.5277318972023477,0.4196803536208942,0.5214215537043986,0.271880436667509
214.29132178511858,-0.565959110774493,8.743695098030607,2.9723486720492156,2.841238150329687,0.527159422523402,0.6186663290680839,0.3827480267225787
216.22649769539137,1.1173725141015298,7.435616355900697,2.4423961862127532,1.6261475292762553,0.772906648049177,0.8243189468023254,0.679501726057295
218.17914937543662,2.221993274458823,6.761378356820751,2.3565497996426066,2.843143929035068,0.5268251338345451,0.6183720686249856,0.3823840152555439
220.14943464167143,3.0193196940573817,6.369331695283474,2.382278429941755,3.5966172141356525,0.41029090957307013,0.5126475912479915,0.26280755281236784
222.1375127356875,3.431653279158347,6.790452717052991,2.3438599581494137,2.3215910457964215,0.6254436748051349,0.7033008683059476,0.49463211135989993
224.14354433712177,3.072420543639778,6.629830730448454,2.2194222136900033,1.6776393709932984,0.7617774695114885,0.8154007241294645,0.6648783409108551
226.16769157664163,2.349013247372712,6.217806003821472,2.1254541094415074,1.432109651527488,0.8144105012645363,0.8572994077822428,0.7349622745837843
228.21011804904916,1.206927962971501,6.068549020223758,2.1275990385791252,1.594210445199252,0.7797941849356517,0.8298220948768864,0.6886047091458644
230.27098882650404,1.3416011099053555,6.47808453918591,2.093016092704123,1.1746439761433762,0.8670696927412233,0.898546392120876,0.8073856187934431
232.35047047186245,1.9414038630281745,6.424226330154103,2.4687092402005018,4.105928531737078,0.34804602369227017,0.45313489472724433,0.2053312328194708
234.44873105214194,2.944219812197201,9.246263115265936,3.1311552355353083,3.398495637624487,0.4379610507446048,0.5383647506529765,0.2898366047456416
236.56594015210345,2.942581967551706,11.15582625552185,3.7598659595540567,2.9198124072425538,0.5135431457607154,0.6066423185274916,0.3680149026284106
238.70226888795605,2.508521308886546,12.515533591191598,4.2937899978438026,3.973923627040925,0.363019318893473,0.4676783902895024,0.21872307674378014
240.85788992118992,1.619993991279348,13.130136329348895,4.654518365313985,5.634941644911404,0.22084498197546396,0.32215557531718797,0.10378421470794838
243.0329774725284,0.8444658265639633,13.923376785180047,5.229194739886331,7.723413481055044,0.13109765071125265,0.21786937214251453,0.04746706331777349
245.22770733600981,0.7030757986253567,13.926195669497286,5.50365468632841,9.314386393334654,0.0939871276783043,0.16974667773338756,0.028813934601522533
247.44225689319626,1.8625799405716772,12.157747655495164,4.933220758470477,8.94346150290124,0.10114006922978101,0.17934630558531828,0.03216509732710237
249.67680512750817,2.84304099248263,10.075109766025292,4.166000140111576,7.9562072986499945,0.12447920222101824,0.20956685562508323,0.04391826697658448
251.93153263869095,3.3009777660915627,7.453847916758956,3.145723452229685,6.362817921936013,0.1818716340468086,0.2784990554618127,0.07756172389312184
254.20662165741206,2.719046780323797,3.946447327148233,1.699209881244865,3.635396418922077,0.4051114783651419,0.5077862204322018,0.2578468456608206
256.50225605998764,1.2434913752244712,2.7071806654278676,0.9806048441906747,0.8432435017807967,0.9267783710179025,0.9445651482517841,0.8922033192919148
258.8186213832444,-0.35665014276626755,7.544407921343971,3.0643844597567775,6.047027061567407,0.19751336691555452,0.2962766116361089,0.0877798306025737
261.15590483951604,-1.7897168701134418,15.758102725476098,5.74313665402865,8.592407453312372,0.1086569846650823,0.18925320220224023,0.035816774543802034
263.51429533177196,-1.9845792194247127,18.63096752700847,6.667268076304901,8.754204938910787,0.105095859897853,0.1845819398938201,0.034070492534965816
265.8939834688861,-1.660526520447163,18.169707284717347,6.606670098862406,9.656624022669671,0.08801922631992001,0.16159695020057577,0.026113574314127364
268.2951615810427,-0.8184153072661997,15.179719363343349,5.571486024293236,8.160433035771785,0.1190591669500674,0.20268524284094044,0.041081307665491
270.718023735279,-0.09212159951111518,14.352852574767585,4.771388426972443,3.6416136658573586,0.4042881479813494,0.5070120221942858,0.25706119064953886
273.16276575117126,0.823834105584658,12.521162134327747,4.133206508849921,2.061978018200347,0.6791554116625443,0.7481296621997905,0.5596979914631727
275.6295852166618,2.2189825016697085,9.917570329892694,3.7057234872113085,2.9371479015518,0.5105850581010968,0.6040196620511867,0.3648397521444299
278.11868150402654,3.6990399369076385,9.874951591507012,3.5324455648169084,3.290632817117437,0.45389751957082963,0.5529913742520418,0.30579945999716174
280.63025578598985,4.909416930207262,9.472732406802702,3.4389461048808947,4.3916277451946755,0.3181741695213748,0.4236416876060852,0.1794722794777319
283.1645110519841,5.4728329751278135,8.512106068263776,3.325309749592691,5.663205882368839,0.21912791495435968,0.32027517691787266,0.10257618894977462
285.7216521245541,4.650933755040322,7.5289292341369105,3.243254768540677,6.252696695543051,0.18712490825218156,0.28451076298287475,0.08094637425309752
288.30188567591193,3.158196434708004,7.568908944221548,3.268948592617169,6.32450723634344,0.18367574928150854,0.2805684708172201,0.07871866681671327
290.9054202446415,0.8940565333182402,9.252478244258304,3.4527081305497833,5.594002610237148,0.22336460697398994,0.3249082723600636,0.10556538544800126
293.53246625255116,0.302942310884532,7.335512080122909,2.677731982564691,2.330400683860444,0.623667458796686,0.7018023421831653,0.4925265274937766
296.1832360216812,0.28210186151270966,5.483931217025479,1.9817755045921654,1.1427555437871033,0.8732870035144702,0.90337433429788,0.816085187868138
298.85794379146483,0.6441615017773897,1.927278507676392,0.6553725862957454,0.6999751193182697,0.9483701827131994,0.9610221958694302,0.9235636609537013
301.5568057360419,1.1279462553428927,3.1924115958472776,1.106815164716485,0.622272475192714,0.9587499911309831,0.9689001646429839,0.9387675290452012
304.2800399817309,1.9384508004791299,5.266903804957339,1.7329820523907873,1.119280614802465,0.877809922441149,0.9068811276121088,0.8224333796190101
307.0278666246599,3.431333792990489,5.139656714529561,1.670515514237069,1.1943778687466553,0.8631819664540253,0.8955230503872077,0.8019615337748093
309.80050774855147,4.630139016373601,5.897708802184823,1.9452009474495813,1.7104885454970962,0.7546681846810882,0.8096867474818212,0.6555926290476906
312.59818744267574,5.411957317738432,6.771651520519383,2.433369565830131,3.423452030536407,0.4343624353202461,0.535043625873331,0.28627168158768096
315.4211318199601,5.395061433888938,8.354685143327815,3.0679997145393814,4.784238999901694,0.282229487949386,0.387214659525754,0.14993519255164559
318.26956903526207,4.827135666313474,8.376304467220839,2.8981676636710514,3.30295795797581,0.452044795880597,0.5512976044903591,0.3039290487168084
321.14372930381285,4.122984181640723,8.266425304714655,2.9291077601719886,3.177911595285823,0.47122584741674517,0.5687505479581393,0.3234771858026837
324.04384491982063,3.4216286968614513,7.679203073105794,2.7094109428923567,3.0766076157026783,0.4873950324267621,0.5833253145163386,0.3402684225555854
326.97015027524617,2.38357461129871,7.008785657689809,2.491515275576999,3.4380409180823586,0.43227405439680894,0.53311312781862,0.28420960705255227
329.9228818787476,0.8078843156244115,7.697502070491078,2.6846852765096934,3.2988063379570454,0.45266795122498954,0.5518674897445309,0.30455772623692995
332.90227837479335,-1.836861494855966,9.050566495577492,2.9545629862200773,2.2572313242279316,0.6385200750135578,0.7143004389318269,0.5102251170582005
335.90858056295116,-3.9906111652909386,9.377625241340967,3.5711475624724294,5.840734259560984,0.20874804277356226,0.3088280997342795,0.09537479518548608
338.9420314173505,-5.490761930029495,12.908385075123721,4.837646541190257,7.467895988737617,0.1389543550490206,0.22759049589283775,0.05179743382074779
342.00287610631824,-5.731781657141798,13.907091663459994,5.082379099974602,7.393717510012987,0.14136038628732123,0.23053973650803303,0.0531485701091933
345.0913620121946,-5.866600347660864,13.793562606964688,4.829481900870439,6.222843737236952,0.18858521290807098,0.2861743646628223,0.08189576699017
348.20773875132807,-5.72985851847855,12.422705977949256,4.16684794476574,4.372312376850884,0.32008973300813315,0.42555314862369914,0.18109548230354416
351.35225819424755,-5.00566202856582,8.718151797593874,2.8826019075930778,2.093822758109537,0.6724400002895767,0.7425747107785788,0.55141720108789
354.52517448602,-4.059132496404427,4.292032900999497,1.6556348430077141,2.687947818473642,0.5546973676841223,0.6427499902170377,0.413127549924002
357.7267440667921,-2.980767002427999,3.869682092083059,1.2368143863721373,0.23535425610061544,0.9938830226065033,0.9954087501008937,0.9908385797774235
360.9572256925139,-1.723478534477186,3.2605561158237584,1.128437223200371,0.40002192923160385,0.9825308692805585,0.9868693319089092,0.9739110782623368
364.2168804558528,-1.3321676163062024,4.24770258226174,1.494567966126119,1.7701634895187615,0.7417493501627056,0.7992688378399435,0.6388306751420139
367.5059718072969,-1.4329765816635531,5.219301371610726,1.993888023660294,3.283408830125173,0.4549872622113125,0.5539868152685649,0.30690139149140694
370.824765576445,-2.1782686074337505,7.181096009628115,2.703200084735787,4.09459028850744,0.34930200258652117,0.45436074882502725,0.20644369007283947
374.17352999349254,-2.687049368609835,4.941556956883886,2.1948697881553247,4.578187958010022,0.30040248948042597,0.4057678609629436,0.16464755699044273
377.5525357109117,-3.300129839334336,5.855708416820751,1.9042765182852168,1.3477532485328432,0.8320668337020761,0.871201588242322,0.7589922073559443
380.9620558253235,-4.328423824800675,4.908538774899409,2.044773795298999,3.7735579212921038,0.3872676819119095,0.4909174186787915,0.24099991196224788
384.40236589957107,-4.48969126021669,6.347124768517576,2.2497541630046127,2.966446331814767,0.5056235496263738,0.5996122127867128,0.35953480572297825
387.87374398499225,-4.2506399374721076,7.231445006635172,2.6376478354134236,3.950729917471856,0.36573075396136107,0.4702958115833801,0.22117815039287012
391.37647064388995,-3.5985149404416967,5.619973955133772,2.0675765319099706,3.0306518172604546,0.4949174606054699,0.5900646289864311,0.3481762663808946
394.9108289722086,-3.835566245752194,4.636872077782028,1.8264229890631396,3.1927126783212847,0.46891084017157875,0.5666536683135499,0.3210963798132026
398.4771046224157,-4.397640498524518,4.646683635714117,1.6778406827983448,2.4387635583262055,0.6021046490367735,0.683524341877483,0.46720552593904624
402.0755858265864,-5.164445682158414,4.4256934379873165,1.4591138644394732,0.233201635664825,0.9939937373027548,0.9954919124351985,0.991004147723889
405.7065634196999,-5.417577405295272,5.505799283226555,1.9767669113878612,2.9576540145264696,0.5071074698374579,0.6009315500620184,0.36111872785994004
409.37033086314693,-5.5928134875492885,7.283312442565571,2.7894861238963755,4.5503381494582795,0.30297340855757254,0.4083695811716362,0.16676571482629757
413.0671842684432,-5.932814078113271,7.5511107646979765,2.9927044857728164,5.588412391536934,0.22371168324202306,0.3252868441821141,0.105811530997959
416.79742242116725,-5.953176213000781,6.650220524425043,2.3893511120075974,3.5803653864350506,0.4124842236742976,0.5147015866376602,0.26491772328732477
420.56134680510576,-5.778875635319004,6.38832544411322,2.102688901580843,1.6471749668296303,0.7683648567548077,0.8206833447078459,0.673521152280857
424.35926162661787,-5.334520606425806,8.615057615766439,2.932312934567905,2.9032422046581488,0.516386217057664,0.6091594437735415,0.37107522793849046
428.191473839227,-5.8515913277118115,8.461929935629446,3.350958810284535,6.011491828410364,0.19938839160325295,0.29838356780780734,0.08903275353771636
432.0582931684245,-6.720945375084099,8.161430972289612,3.5703824066983243,7.708756266344711,0.13153102089900184,0.21840930818850587,0.047702625903381736
435.96003213670394,-7.796408565538636,8.950733050749182,3.368250454400324,5.304721482399141,0.24232587603060474,0.3453821141457485,0.11928880477178681
439.8970060888213,-7.352798840634366,10.638092434955304,3.9839975678618775,5.8466586130536875,0.20841333637414708,0.30845664425481983,0.09514550138494449
443.8695332172784,-6.167544491990239,12.838854482909166,4.557977501902144,4.977251225970659,0.2664848271607201,0.3708978919738323,0.1375652462706326
447.8779345880415,-4.180788040496729,10.44341341032096,3.639676615137203,4.42418641671856,0.31497798595368404,0.42044592853254537,0.17677477881959422
451.92253416649163,-4.028012017439679,7.56200326085258,2.912904336622131,4.875013542406272,0.2746770046968618,0.3794169487414852,0.14395722099229877
456.0036588436052,-4.290275933819318,6.6638935041152205,2.420947194923084,3.392857220474016,0.43877867165093803,0.5391183718387172,0.2906486188540293
460.1216384623752,-4.241018074640202,5.829863424824257,2.1345677530000575,2.4535973276316767,0.5991954863389723,0.681045926906887,0.46382355455646096
464.2768058444711,-3.277512305813917,5.338291221460682,1.7782300425411095,1.4679325532991263,0.8068256748515138,0.8513042125297462,0.7247188622708912
468.46949681713517,-2.511306612393039,4.951403189722126,1.6372301634594537,0.9240641233104183,0.91334446460293,0.9342776308531215,0.8728746915125216
472.7000502403261,-2.9916704277075756,6.270113972944225,2.2050097404050097,2.531623606948817,0.5840697662925132,0.6681108805688912,0.44637214873453923
476.96880803410744,-4.371328413266595,6.0914952813831995,2.049279261480497,1.872210768825922,0.7197021490830189,0.7813841538123822,0.6105611958290926
481.27611520627937,-5.9887527745174145,4.8739577694986504,1.7938864316397296,1.2120889629449625,0.8596678527565852,0.8927873230527421,0.7970692042036812
485.6223198802642,-7.527028405186453,5.797598782995447,2.0689899518720987,2.7791358046702683,0.5381617743240419,0.6283254268009292,0.3947928419645699
490.0077733232437,-7.537514159501055,5.161129753041654,1.8224753463297818,1.605625599519044,0.7773340739450622,0.8278578644988693,0.6853486438126284
494.43282997454634,-7.149906283303558,7.653701415773648,2.675179346720652,1.4801350644385982,0.8042320614812063,0.8492509414929733,0.7212271616267016
498.8978474742946,-6.927819567993099,9.40742337033188,3.4851390435612766,2.510780780652448,0.5880807738382018,0.6715490451193183,0.4509781200006683
503.4031866923122,-6.151883010172614,9.570039153040176,3.4101655426706574,0.6626828201796879,0.953475833204307,0.9648999133931251,0.9310318428660603
507.94921175728655,-5.2944659217697865,9.26561025432699,3.202735947818415,2.7239199694844087,0.5481207375947807,0.6370260246838196,0.4058021561244703
512.5362900862001,-4.675980241425106,8.430933219546706,3.406260181382137,5.620859916029138,0.22170727999084736,0.3230985175630828,0.1043926520514617
517.164792414027,-4.522418529746695,9.833141066462387,3.9690199405240305,7.099824180217761,0.1514960145844849,0.24282919826926397,0.05896601953209352
521.8350928236933,-4.4670499989113175,10.101838740195449,4.166844821849375,8.326470745312662,0.11489833752528515,0.19734917202702987,0.03894669569975423
526.5475687763126,-4.2877560955005825,8.845504700769258,3.4552303813763343,6.390612341953535,0.18057811684985312,0.27701216386885125,0.0767357389313033
531.3026011416947,-4.530105504588798,7.928772247300889,2.7404290436212353,3.1972399529624926,0.468205142924743,0.5660139498846697,0.3203717914640454
536.1005742291247,-4.5464812966175385,5.915416998536398,2.1917762965357626,2.9107806454682446,0.5150909053888086,0.6080130648948204,0.3696798870827931
540.9418758184253,-3.5590491303131335,4.4499346700809035,1.55141652780406,1.7424259441572465,0.7477537371261413,0.804116445368769,0.6466032577125045
545.8268971912998,-3.728163957101936,6.956184053006101,2.4459636654651327,2.7171469308184912,0.5493537101413042,0.6381004434695214,0.4071721759559999
550.7560331629503,-4.2095349547651475,10.956442081174982,3.875015252364839,4.5995733526741915,0.2984473275136833,0.40378554780560233,0.16304276861667036
555.7296821139942,-4.5474776659847445,10.943292462903424,4.369413292142829,8.240518974304248,0.11702574700354969,0.20008340359219465,0.040033368393037054
560.7482460226586,-4.596826352381597,8.236848811684805,3.3060138996413713,5.937765306667515,0.20335739977319697,0.3028272725948928,0.09170435702726151
565.8121304972661,-4.523709544023978,5.928620233394186,2.2808613746681203,4.028297660200532,0.3567580392460506,0.46161543968732927,0.21308881415772632
570.921744809023,-4.361647713027245,7.215198177242746,2.7215385013322564,4.675576371187147,0.2916300767865361,0.3968480349268306,0.15748836282528694
576.0775019250921,-3.409250820930735,6.348356662824231,2.661746799102599,5.473935698155473,0.23098261115777785,0.33318425098754695,0.11101174510613268
581.2798185419706,-2.494527025424509,5.961982689685551,2.0724077099091005,2.604551125551778,0.5702089915804434,0.6561838631651215,0.4305772622783028
586.5291151191706,-2.4236557983852167,3.950830566756188,1.3129076890098013,1.1879613822096724,0.8644493272924952,0.8965090035675496,0.8037283934776807
591.8258159131977,-2.7286802498434053,6.084929635108819,1.9792480464209257,0.8473129484751647,0.9261222759820007,0.9440635887252431,0.8912560595567849
597.170349011842,-2.856975562485768,8.114734009642097,3.045444564557068,2.618677045642306,0.5675558775239653,0.6538926701540027,0.4275756240811313
602.5631463687777,-2.110562241858375,9.135247097539054,3.363060154096722,4.252044081413491,0.3323500833630494,0.43772045705992596,0.19159919852875051
608.0046438384719,-2.260457397330056,6.362912644326042,2.66030478931938,5.2870071573559,0.2435562809840414,0.3466965343935981,0.12019848696053134
613.4952812114125,-2.641661241992978,5.721593884428522,2.0341173139037747,2.5701090260797206,0.5767212094925648,0.6617964641593679,0.4379745599738415
619.035502249654,-2.8391834063530657,4.742453248080401,1.6680736038795472,0.34984617265594364,0.98658330623156,0.9899205088960583,0.979942613933031
624.6257547226801,-2.5545517036662506,7.168134642983681,2.3872691136852136,2.1052259963789757,0.670042863966757,0.7405884586331012,0.5484712650605527
630.2664904435946,-2.010902316189272,9.768524719686047,3.4482696628754863,4.344942404388384,0.3228291368441134,0.428281725468965,0.1834252363706739
635.9581653056397,-1.1693646903809554,9.522251523837776,3.523268521938541,4.509873848851875,0.30675931750198226,0.41219082651478134,0.16990127746293857
641.701239319038,-0.5868413457099279,6.695353436593392,2.4841982787866006,3.235119813174782,0.46234459595930266,0.5606919738781009,0.3143754895713209
647.4961766481737,-0.26462198545694254,4.242380254050296,1.3638308812723998,0.5988532248030922,0.9616797149396105,0.9711198728693033,0.943073807481692
653.3434456491083,-0.46772812529408325,4.604462108741757,1.87195650739389,3.54832607869551,0.4168477260058513,0.5187798240244287,0.2691325058148171
659.2435189074306,-1.9899934634474519,6.989073161233234,2.7341644630143014,5.040774069734254,0.26155641066794894,0.3657413189187219,0.13376671236440624
665.1968732764535,-3.8300235170767722,8.048098482479915,3.1790553873399316,5.634124102139475,0.22089491974606654,0.32221020846889575,0.10381941844156926
671.2039899157561,-5.279827008765388,6.031157781484929,2.4557686209735823,4.402206875085524,0.3171311568972382,0.42259969949416964,0.17859050601256252
677.2653543300677,-6.041078500234366,5.225688703518339,1.7376043256066118,1.6209038025572964,0.7740384652265989,0.8252241088350595,0.6809948298026182
683.381456408509,-6.178762433604804,5.331113861310777,1.8748972282393537,2.3943832041081388,0.610870608301035,0.6909743441684294,0.47744554429899116
689.5527904641884,-5.116361387901806,3.1708155055730343,1.1764461191001578,1.7246848253124138,0.751594774713382,0.8072123802661688,0.651591826854974
695.779855274148,-4.205716238730349,1.9333512408296802,0.6889245549334807,0.9042263005961644,0.9167186375717609,0.9368650671421319,0.8777161540312313
702.0631541196784,-3.6543105184012274,3.945128284439023,1.4510788961830583,1.4846501495100952,0.8032712011948375,0.8484898426733344,0.7199350131198198
708.4031948269968,-4.060803391431469,4.9117436970879265,1.6820475531209567,2.0380242248546288,0.6842263089990342,0.7523151832122656,0.5659781348917049
714.8004898082854,-4.01818646180519,3.1561623705433735,1.1568518969390145,1.4828727812120421,0.8036495199659593,0.8487895366683978,0.7204436775577535
721.2555561031085,-3.8607332358715043,2.6944696862278033,0.9554651077173191,1.236977357285257,0.8546916842213799,0.888908601916564,0.7901585025612603
727.7689154202023,-3.8344489098723886,4.365262315420418,1.412440216839966,0.7218510423963922,0.9452720139533144,0.9586666074385929,0.9190416642178212
734.3410941796333,-3.6884193025824867,2.267794793352822,0.731835150191906,0.1930853211452992,0.9958746510860033,0.9969043900809318,0.9938183629626346
740.9726235553528,-3.3782126790933633,1.0036598675535053,0.3519584007352124,0.43678322005917947,0.979242285201474,0.9843909651299614,0.9690255722294968
747.664039518124,-2.6788644301851963,3.4850183604654257,1.4925783032310767,3.039813577350118,0.4934084310858772,0.5887147603484844,0.34658506905217334
754.4158828788345,-2.738178623050982,4.856879544112596,1.6544589935534761,1.3970066816289615,0.8217956519717563,0.8631233771227613,0.7449819641358004
761.2286993322158,-2.9050634889486786,5.920490398131234,2.13230706942738,2.4566449058959217,0.5985991107259833,0.6805374829891706,0.46313126575323565
768.1030395009387,-2.5495206820224654,6.766414839629379,2.9603844141942655,5.581764617473467,0.22412537177708877,0.3257378812760682,0.10610516729822189
775.0394589801188,-2.0714723831160353,8.121237457769624,3.21184129349102,4.939149588779044,0.269499819166801,0.3740406978446585,0.13990644364411914
782.0385183822224,-1.7115512535372033,7.871591667116912,3.002195926608976,4.318605963360729,0.3254930794589024,0.4309295931785557,0.18570031427703554
789.1007833823722,-1.8798445814065583,5.850987686444491,2.354801136839877,4.187394903083646,0.3391839285448974,0.44445362175002956,0.19753902188671835
796.2268247640676,-3.1194535135868753,4.997579144177446,1.8347105766490637,2.7655453797944407,0.5405976442852237,0.6304572040711208,0.3974762861651749
803.4172184653193,-4.716670260982119,4.534751945791056,1.5169231274796895,1.395706000102722,0.8220683151347439,0.8633381496671958,0.7453527606707774
810.6725456251922,-6.21202418125231,4.682776091937874,1.9531210662026741,3.997181106974666,0.3603249150368058,0.46507256369766287,0.21629248950431668
817.9933926307771,-5.73327838342281,5.415341653005776,2.171012752402118,4.157581041101782,0.34239435464738704,0.4476050179419577,0.20035025208682028
825.380351164585,-4.618957161959564,5.992826087133691,2.442700422062021,4.3984553864624845,0.31750052538302365,0.4229688030012246,0.1789026083122887
832.834018252364,-3.7962464726647007,7.309664692451269,2.742492976780007,4.232951076218149,0.3343503178577078,0.4396947754886407,0.1933314955920062
840.3549963113533,-2.904802768385659,8.834657300413781,3.332149385654659,5.243554857033388,0.24661001962677753,0.3499516441935633,0.12246615327377833
847.9438931989744,-2.0489533948786383,9.380022395212915,3.668634465183208,5.7665100375213,0.21300445187034997,0.3135389577393472,0.09830667802027616
855.6013222619544,-1.3986026471973927,8.353548066431006,3.6604875794234717,6.830395614876238,0.16171255970871143,0.2550103537050777,0.06503028049678881
863.3279023858998,-1.508277315068919,6.742862889402777,2.7167496988960207,4.436123399055243,0.3138163855148057,0.4192824765993834,0.1757977951833125
871.1242580453186,-1.939818188082004,5.679708522673216,2.096528878680271,0.11498361759742859,0.9985331290584115,0.9988996449475683,0.9978005006763782
878.9910193540858,-2.5003409099684397,7.359024227380209,2.8997567114512983,4.666121187995774,0.2924671484565878,0.39770203944202653,0.15816691217634724
886.9288221163733,-2.274025828550545,8.49202509122562,3.7198973537589426,7.770174506553168,0.129728585570749,0.21616071203744106,0.046725453428533514
894.938307878039,-1.5587224491517924,10.161533526577507,4.044056372507552,7.58107469435491,0.13539394183122944,0.22320268997382678,0.049819440811552235
903.0201239784723,-0.18203580546399417,6.797406704457772,3.0396116648154403,6.441423617674202,0.17824627686840472,0.2743249763601923,0.07525419265502009
911.1749236029153,-0.017104658350506074,6.083135097264988,2.5433421652484505,4.905109907397821,0.2722314550731874,0.3768805528912176,0.14203895114758985
919.4033658352581,-0.25479433117717887,5.484147038781706,2.1510167946078713,3.9976654382874033,0.3602690639749297,0.4650184972868726,0.21624220281894116
927.7061157113003,-0.2864748719330811,4.081409484063062,1.44033837684462,1.8002773372280485,0.7352341401449801,0.7939977080243976,0.6304323603479965
936.0838442725039,-0.164770980852112,4.096914182903068,1.5656849069876075,2.5866176702560297,0.5735921620807192,0.6591016611024795,0.4344149996680477
944.5372286202303,-0.18594587857868966,4.930327173859823,1.9460186971135058,3.6736484341548783,0.4000765867895921,0.5030455972368031,0.25305487289933193
953.0669519704591,-0.918254412574545,6.023145388925556,2.1286468978241024,2.710764034529636,0.5505179206538624,0.6391143894177812,0.4084672027608633
961.6737037090096,-1.4363174375446586,5.0532409711041755,1.6954141445587974,1.6689964420090673,0.7636470652097944,0.8169011647554313,0.6673275129787803
970.358179447262,-1.9368354708504643,3.491705265926275,1.3107198301935836,2.163661313391285,0.6578259594518318,0.7304378271057396,0.5335394192669543
979.1210810783673,-2.6714383205479546,5.616727279296028,2.348315773654184,4.60690269852549,0.2977810106153857,0.4031092367847286,0.1624970567811664
987.9631168339874,-3.267250545074274,8.11339785945442,3.3663357118971358,6.8329380397643416,0.1616116858097008,0.25489104063962964,0.06496944259835333
996.8850013415306,-3.631849525609562,10.287464736798444,3.8286251915250253,5.955111731994492,0.2024138720549708,0.301772877872133,0.09106686981922933
1005.8874556819022,-3.359490354881014,6.733880988279617,2.412438675705783,1.3111796934072717,0.8396155085022665,0.8771226760418941,0.7693441888268935
1014.9712074477967,-3.898063051892592,3.914554128509633,1.3783147710439938,1.3612671267346053,0.829260115883422,0.8689966125755219,0.7551551126677316
1024.136990802492,-4.620120432491817,3.8256245848902584,1.3232219429505547,1.5355075022728952,0.792408146076487,0.8398692844831428,0.7053804150182262
1033.3855465391896,-4.839884708810352,2.524773426135157,0.8743368744252942,0.2917607682009207,0.990630359847527,0.9929645072567462,0.985978512671633
1042.7176221408895,-4.357842803567052,2.382011904082009,0.8082580014983509,0.057942988463302925,0.9996270957858654,0.9997203088007275,0.9994406958286218
1052.1339718407978,-3.593510209307069,2.9791626471299275,1.0657667075355897,1.0979674804800394,0.8818746030377144,0.9100287788311029,0.8281523783008284
1061.6353566832863,-2.823393917894835,5.3931939692843605,1.9740686501667248,2.284995371589516,0.6328578154196358,0.7095444556031689,0.5034533344771973
1071.2225445854062,-1.9662188788470039,5.842526282342574,2.1369605682480715,1.8049073959895257,0.7342329166499861,0.7931866352162777,0.6291450382857205
1080.8963103989456,-1.0114779168076877,4.620435988516021,1.6861381885428401,1.4720589083742035,0.8059491635603523,0.850610494712067,0.7235382137143073
1090.6574359730566,0.17613578400718174,3.7905037696040114,1.2801226997726507,1.4053783557627277,0.8200389587084329,0.8617392296235594,0.7425944998722056
1100.5067102174503,0.12462996268015984,5.837093546654469,2.016227336862979,2.1063081881053187,0.6698155846765638,0.7404000443173082,0.548192225625072
1110.4449291661492,-0.5139240649385746,7.803163574787776,2.762286997313942,3.2916043659098753,0.453751176822033,0.5528576498932638,0.3056515810455027
1120.4728960418295,-1.4614907101808419,7.863138010446301,2.6654827462456208,2.7838282138405024,0.5373230717966335,0.6275908695434453,0.3938702995342978
1130.5914213207407,-1.5827091128488304,6.806183623686166,2.404001800622276,2.5071796716931436,0.5887759710882109,0.672144358871953,0.4517780391633887
1140.8013227982028,-1.2001891082829943,6.952181113074817,2.265016184337971,0.9328621099006278,0.9118326964229428,0.9331175781473521,0.8707084146475798
1151.1034256547066,-0.19254914159937936,5.292859479083276,1.8267772083118587,2.1794056974346194,0.6545545376673639,0.7277117351437997,0.5295643694659997
1161.4985625226077,0.31644352998634184,3.474782352342902,1.3292482696436796,2.1518916138396955,0.6602772605686349,0.7324782874009866,0.5365244415138825
1171.9875735534156,0.5879157598479511,3.3596273337597875,1.3091520439969169,0.12010944823047964,0.9983996452900223,0.9987994937008412,0.9976004286170568
1182.5713064856986,0.7421263938712749,2.4220790074987413,0.8571345325534157,0.8207639494260891,0.9303620433152946,0.9473031640570792,0.8973832846325533
1193.2506167136041,-0.1861687042856808,2.7815648746315884,0.9421187245334258,0.7965784637381262,0.9341393122991551,0.9501862400635754,0.9028538908061546
1204.0263673559848,-1.359627040524638,3.499074749518573,1.2500781894373003,1.5453330947561454,0.7903018114092012,0.8381943576340074,0.7025697811694862
1214.899429326161,-1.7156110942088127,4.72501514615077,1.6402132655066295,2.106353653417424,0.6698060369808003,0.7403921289368023,0.5481805045915704
1225.8706814023135,-1.410709881451063,4.612171916842408,1.610709349182189,1.371497244847006,0.8271295026737552,0.8673215432333775,0.7522466593567274
1236.9410102984998,-1.0306046820299453,4.717181723368011,1.5726581318644743,0.8260042710789661,0.9295328331235765,0.9466698614168404,0.8961838265149799
1248.1113107363235,-1.461008240731431,2.7664694569988146,0.9655018737556191,0.9159444493616204,0.9147313612466809,0.9353414414719765,0.874863612134875
1259.3824855172518,-2.11172792742498,2.4624753272914437,0.8256818557958825,0.2925220111779261,0.9905818638516474,0.9929280493361491,0.9859061111584901
1270.7554455955726,-2.511934890717515,2.9007434614144554,0.983849522274475,0.6556978881875049,0.9544069492156412,0.9656065313021126,0.9323959732932978
1282.2311101520236,-1.530082035652708,3.830998022631322,1.608588537264439,3.216903050168035,0.46515317318816973,0.5632445407098582,0.31724441263945913
1293.8104066680874,-1.2454047526612164,3.5434684657650837,1.30359857113628,1.9880072929057957,0.694864097501642,0.7610705284440664,0.5792283492661305
1305.494271000937,-1.3661854389890329,2.8474083490360727,0.9632821866845281,1.0086802184872377,0.8984335108115109,0.9228145996444979,0.8515867853170348
1317.2836474590908,-1.9120491147093148,3.4525211662447637,1.4582171673438231,2.9053940128618443,0.5160161561845468,0.6088320053159981,0.3706764106970995
1329.1794888787256,-0.9587337467580191,5.151734219769869,2.0643480296097656,3.83159766902532,0.38004926008626067,0.4840385134715695,0.2342932825237668
1341.1827567006774,0.3015394559356749,7.907850580583196,2.9435276178899534,4.4558449317835,0.31190916977963606,0.4173698824607129,0.17419761878526926
1353.2944210481646,0.14067899489562735,9.32349388999756,3.2469830124491343,3.6043451374753257,0.4092526779305879,0.5116743510344569,0.2618106415065326
1365.5154608051798,-0.266257927963638,8.291156094544132,3.3812042407705682,6.154407460131175,0.19199290932680885,0.29004400426458843,0.08412552440983659
1377.8468636956106,-0.7358987013766884,8.749859947996256,3.625132887137006,5.6756811716857225,0.21837580597562925,0.319450366448669,0.1020485366241889
1390.2896263630728,-1.0164724333317172,10.614872052649044,3.5058651561626246,1.7567692737971652,0.7446485656237535,0.8016107228591337,0.6425797510027429
1402.8447544514522,-0.8692511701443183,9.356361514854058,2.9921442239274114,1.3252401790317512,0.8367219384843332,0.8748545746566762,0.7653705267977137
1415.513262686187,-0.5639569484677233,6.1585569978031085,2.217049877199792,2.328404632982389,0.624069610376478,0.7021417155635421,0.49300298873451415
1428.296174956284,-0.39206733312620334,4.271546658713687,1.5277579263408592,2.1847927830006477,0.6534372485122701,0.7267799128258698,0.528209041687179
1441.1945243970613,0.5498846242312667,2.8968221935739042,1.0625567825096383,1.466987094794413,0.8070264285921633,0.8514630732311609,0.7249893650762532
1454.209353473653,1.7192737041974013,2.44530082236443,0.9790403977235739,1.6988937348757802,0.7571780528373044,0.8117055453028365,0.6588658922753752
1467.3417140652678,2.3882918270171722,1.5375498162508037,0.5349836244286674,0.47319291386516893,0.9757248827774035,0.9817378504229979,0.9638092069531686
1480.5926675501935,0.9504194938610366,2.214732045047384,0.8755301861846279,1.6048345508268487,0.7775046188203785,0.827994083001344,0.6855742014852365
1493.9632848915842,-1.3301789180784813,2.4623370378861176,0.9674986624690181,1.2667782258165055,0.848678135486622,0.8842137419608544,0.7818339414724166
1507.4546467240227,-3.1397267515150267,4.856926938576227,1.84475685548116,2.283638894371109,0.633133719408412,0.7097764454841651,0.5037826025641359
1521.0678434408487,-3.2143882066269707,6.046512867218535,2.287499321562676,1.0957112871373238,0.8823024920922242,0.9103599209292007,0.8287551856342206
1534.803975282291,-2.4740192940232735,5.634452242041877,2.061774137558818,0.9209212842313175,0.9138822356384064,0.9346901727521016,0.8736457190393536
1548.664152424396,-1.6276843645930543,3.4739595784785657,1.4210235101078514,2.2539153020986493,0.6391984535920946,0.7148695304279887,0.5110384455343331
1562.6494950687438,-1.7303421648587634,5.801755242048143,2.317739740168359,3.7191482188033955,0.39418250612670347,0.49747700350560853,0.24748336901691922
1576.7611335329898,-2.3225634006762945,8.31916193341318,3.323407475304998,5.377807735468538,0.23733666465895625,0.34003500360580846,0.11562380367720215
1591.0002083422232,-3.1500204579280493,8.2492576731034,2.811249565903291,3.284544327022389,0.4548157842720122,0.5538302158402588,0.30672790797766764
1605.367870321137,-3.415693150664323,7.215580583195171,2.7144047435172465,2.1667163015719604,0.6571904894239997,0.7299085525174442,0.5327664950381107
1619.8652806870437,-3.155303052859107,8.074014123137916,2.9467373584496372,3.0815993077658144,0.4865850056518241,0.5825980696932346,0.339420510810283
1634.4936111437319,-1.7025260436864167,6.832900870378688,2.555416998209339,4.062568260393921,0.35287944511931696,0.4578463659273456,0.20962329479287686
1649.2540439761553,-1.0842487952012227,6.327579153349683,2.191945519510248,2.371488107916039,0.615428553996188,0.6948374723040668,0.4827991129179047
1664.1477721459923,-0.9749555656442853,5.409391350264549,1.8693478572697624,0.8989256553333989,0.9176119712157258,0.9375497083805822,0.8789994556845147
1679.1759993880678,-1.4035854873961378,4.407707084974675,1.7838344758143208,2.7924831906343917,0.5357792690431569,0.6262380173978824,0.3921740544344305
1694.3399403076298,-2.0905629500518845,3.4373293924790156,1.3923799579858667,2.384174347524762,0.6129000205623004,0.6926952777053825,0.47982674775533696
1709.640820478523,-2.8063359961952794,4.238879280056747,1.3898876518250127,0.5356630343838922,0.9691033812646422,0.9767368695589015,0.9540149123557226
1725.0798765422462,-3.0914693273579394,5.341266133729195,2.238693587129628,4.594424482369259,0.2989165637206767,0.40426159559195424,0.16342743767055273
1740.6583563078825,-2.8600990425783808,8.05064883460011,2.7969971042781685,3.4179910229822,0.43514706784216534,0.5357683396254891,0.28704771374505345
1756.3775188529708,-2.3280293183786966,9.265921314766269,3.1291200370277235,1.7027519355621195,0.7563429342507209,0.8110340085182574,0.6577761629731929
1772.2386346252558,-1.5415356744231257,6.180065834243175,2.188968171665197,2.5480598093333855,0.5809221752686469,0.665408686756087,0.4427687204104603
1788.242985545358,-1.0562113339357555,3.8543244492705266,1.3572656499276698,1.8490424131322478,0.7246984901568263,0.7854490475097738,0.616930206234011
1804.3918651104023,-0.9326052630214068,2.568416074151141,0.8412719693488854,0.32098664594430926,0.9886815269854035,0.9914990781265389,0.9830704219257765
1820.6865784985428,-1.8370093149077777,4.868732167915345,1.7969426785843858,2.5587916984250514,0.5788743675724611,0.6636486872286033,0.44042958006024846
1837.1284426744537,-1.6312231415464171,5.76373494306186,2.17684919830466,3.2299189440884626,0.46314459032249217,0.5614194401607089,0.31519178779036383
1853.7187864957773,-1.1243097284800068,5.459467023080468,2.0811512406776913,3.2219376273463953,0.4643751489431268,0.562537822548165,0.3164488017972307
1870.4589508205106,-1.760608551068314,7.343765619527433,2.365869324890442,1.1043978659055709,0.8806525352821283,0.9090828028591637,0.826431542454273
1887.3502886153822,-2.1845957340574014,8.943256201031529,2.847892851035116,0.8370435152198765,0.9277736610146359,0.9453258399074841,0.8936409435967902
1904.3941650652075,-2.3441905029153554,8.726415803446734,2.914929718859346,2.2602884342496607,0.6378950571745237,0.7137759779366839,0.5094761466794694
1921.5919576832127,-1.7220509176973888,7.359376314227131,2.503244421916436,2.390830039229845,0.6115763960121036,0.6915730112133346,0.47827322983867904
1938.945056422374,-1.1024436787464849,6.084301899097518,2.2502546722104726,3.382534079739064,0.44028000868004735,0.5405012775104409,0.2921416309904186
1956.4548637877606,-0.4954887983408748,4.16329046234453,1.5205146616245924,1.9032658717513806,0.7130169414629274,0.7759341865640274,0.6020738618787788
1974.1227949498777,0.0551239583074425,3.5275670029398043,1.3189268417769786,1.3518839091921808,0.8312098919159374,0.8705285667068448,0.7578199854526735
1991.9502778590468,0.24632423326277333,4.108254319467765,1.5490189320001813,0.4866807336630813,0.9743572832863597,0.9807056489457442,0.9617835698740932
2009.9387533608212,0.379034080498516,7.250746777857418,2.3621286031497393,1.5113227661401325,0.7975826861499792,0.843979287128968,0.7123010371027211
2028.0896753124266,1.1166078729153504,7.316188706891004,2.5319309052099603,2.9711628327152257,0.5048292929760088,0.5989056502222014,0.3586879778680779
2046.404510700269,0.8666708691226335,5.384729476656089,1.9896822035642487,2.0850253923427653,0.6742921170073469,0.7441081510075902,0.5536969403959346
2064.884739758505,0.29355331279026364,4.9482288735714866,1.6396333345131802,0.9968415358207525,0.9005679839464019,0.9244584095990722,0.8546233510784459
2083.531856088666,0.6022888092971421,6.382650964261474,2.187449898891521,1.7777156240430443,0.7401149726196941,0.797947636317151,0.6367204303041284
2102.347366780377,0.6408702035139895,6.819454246214765,2.2642120920755513,1.1987286006853324,0.8623208674405941,0.8948529452607924,0.8007617936419147
2121.33279253317,0.5124468197519929,6.429982380854218,2.0470921764516707,0.7030826219439847,0.947934669999419,0.9606911847658822,0.9229275524868744
2140.4896677793777,0.22965755290616416,4.389829652212944,1.5428225378256906,2.1274541722955025,0.6653821707726143,0.7367215432002601,0.5427586322153727
2159.8195408081538,0.7404660904881236,3.7723294826405382,1.2581169738818867,0.9456465659309443,0.9096194597724194,0.931418387116294,0.8675402118583185
2179.3239738906072,1.53809098928738,4.1591059733507585,1.5322368645796045,2.2932431540461664,0.6311818934918072,0.7081347370804977,0.5014548058600656
2199.0045434060753,1.711184850348616,4.469650028096506,1.6748377475078506,1.4479053502680204,0.8110716760618,0.8546620625225422,0.7304472411152859
2218.8628399695153,1.0582516490679774,7.055475145509025,2.2913405489714584,1.1554001374445264,0.8708315429601934,0.9014686201029635,0.812645673030341
2238.900468560066,0.11856317572307626,8.133320987152139,2.6115499899940553,1.227515438804672,0.8565885910932453,0.8903878278555549,0.7927904839933333
2259.1190486507758,-0.07929878447014106,3.3398342921051003,1.1590626192250155,1.352145956643312,0.8311554990552946,0.8704858420050557,0.7577456011312509
2279.5202143394717,-0.26553654081803124,2.115029306357439,0.779505525228245,1.210527823205375,0.8599785248791687,0.8930292929055912,0.7975013179874602
2300.1056144808413,-0.41306549422551103,4.935950075901109,1.869177576759466,2.929044570856755,0.5119657168295909,0.6052442329256608,0.3663205814897715
2320.8769128197,-0.3846681666959119,5.01274495506992,1.744751929417269,1.9777898889216354,0.6970447632256422,0.7628611558009425,0.5819571430299498
2341.8357881254447,-0.37333192904959217,5.053726446353155,1.7762731602961517,0.6229712143168893,0.9586611329549536,0.9688328146823784,0.9386370228053796
2362.9839343277413,-0.42116846190048235,5.832199619205081,1.9027817345411508,0.40096757150677254,0.9824496296966282,0.9868081325473321,0.973790290461553
2384.323060653438,-0.7435674190985999,1.3988003338331667,0.49640051262603185,0.6539162646662011,0.9546431554978528,0.9657857593088905,0.9327421328838502
2405.854891764694,-0.8560748154619457,2.872768785183706,1.1297018789283497,2.033966923456995,0.6850868012348529,0.753024663013596,0.5670461431067398
2427.5811678983755,-0.824351913926018,5.0031235980674635,2.0260875065310144,3.772855181497803,0.3873560741722653,0.49100145369717796,0.24108242753274198
2449.5036450067114,-0.6094348227364335,5.18926316707216,2.003750122026239,3.220244190275088,0.4646366912822137,0.5627754274824699,0.3167161817780767
2471.6240948992004,0.48236170834454656,5.245422284832971,1.8228239462096685,1.8761608120418294,0.7188510234521389,0.7806909978560016,0.6094784341333995
2493.9443053858154,1.8181229602701965,4.527050285017392,1.7868865254181627,3.22433983222498,0.46400441051122343,0.5622009582527272,0.31606991746028473
2516.466080421506,1.8870685223015229,5.231901073753895,1.8769037091442728,2.437114392852164,0.6024287290187296,0.6838002511271849,0.4675827834416011
2539.1912402519824,1.6585366938590085,5.5776710378241035,2.2526610567712986,4.337971288067443,0.3235315857097443,0.4289804641167482,0.1840242385938207
2562.12162156084,1.490817575858682,7.417859470145325,2.620151721107865,3.5669443216469503,0.4143056653932631,0.5164052561923644,0.2666743886231016
2585.2590776179986,2.5891752116338975,5.42254945267573,1.8096838245268554,1.6841534605256094,0.7603680698731267,0.8142690043856405,0.6630340115031823
2608.6054784294965,3.5494379125476776,2.5978390713842883,0.8844165406963023,0.6267612113677021,0.9581777129862111,0.9684663796818614,0.9379271285740913
2632.162710888611,4.331235170539447,3.1155519549140616,1.2783430163931029,2.54212440376835,0.5820572515506487,0.6663835660018852,0.44406705703738886
2655.93267892837,4.512116884812929,4.938155938125463,1.8146871304282806,2.5345048168979214,0.5835170187196735,0.667636613119136,0.4457386471771909
2679.9173036754373,3.739151290125224,4.499424901035502,1.6795546897302114,1.7615101964237643,0.7436223125711473,0.8007820125546199,0.6412518316310274
2704.1185236053648,2.4497579180106124,3.643204535359228,1.2305583551508692,0.8748925220242607,0.9216177493167717,0.9406176476864617,0.8847615591392126
2728.5382946992727,1.2001848085577842,3.912720587467297,1.7073526121759106,3.163932454943718,0.4734233647312963,0.5707386265496602,0.3257425798357926
2753.1785906019422,0.5305684700567457,5.994627580204165,2.088732852861779,2.6986953843099064,0.552725166755297,0.6410352763741969,0.410926225556143
2778.0414027813117,0.175759956909274,6.876443101368928,2.386215283199269,3.039128953340601,0.493521034066685,0.5888155224278164,0.3467037194519424
2803.1287406894407,-0.2151645034468475,5.023124632929263,1.7701746015629283,2.175247596617216,0.6554176554472056,0.7284313055865672,0.5306121669585508
2828.442631924923,0.0508869175259376,3.283614008388635,1.2177957530484513,1.6849856581925082,0.7601879972014425,0.8141243718629916,0.6627984928613105
2853.985122396744,0.5420826736248672,2.6463891873004277,0.8878424713928608,0.3992667698875153,0.9825956164504542,0.9869181063077386,0.9740073485580528
2879.758276489647,0.171130382854818,3.2460073459154986,1.175703204894352,0.32775396742326657,0.9882049327087671,0.991140592163852,0.9823596734349112
2905.764177230974,0.04755412616220962,2.312618554815779,0.8793348998920889,1.4695227866772769,0.8064879467343371,0.8510369387952048,0.7242638711939132
2932.0049264590284,0.10780972898463397,2.4420709488275567,1.087728826130903,2.019638755799425,0.6881291232781325,0.7555312879148224,0.5708275270182301
2958.482644992936,0.44468006360382023,3.3472985379782023,1.2415644278820999,1.8620616361039344,0.7218899925106068,0.7831649919652485,0.6133474046399277
2985.1994728040568,1.020666653387332,2.9502773625225904,1.1767952353652702,2.1876883058550405,0.6528371518982122,0.7262792661471033,0.5274815724351748
3012.1575691889534,1.459621715580533,3.2664886140847837,1.2827870688239214,2.35214526884412,0.6192978423934038,0.6981113119396766,0.4873594038581365
3039.3591129438896,0.18040086747198242,4.956319890363861,1.7302540050505866,2.2834379494431216,0.6331745976103776,0.7098108151795098,0.5038313933458003
3066.8063025409324,-0.7102622432508257,4.888874367683663,1.8350646258730294,2.822183096083225,0.530512815099546,0.6216156063942364,0.38640596211287426
3094.5013563056473,-1.2654857596580473,4.4765254496796825,1.7818870932983586,3.4007279572251505,0.43763781192399465,0.5380667165362664,0.2895157914441189
3122.4465125963666,-1.0964377479699976,3.2336270779389085,1.1082552051183552,1.278182824873601,0.8463617135179192,0.8824030628075971,0.7786351652522282
3150.6440299851056,-0.04884354536245694,3.1456251183634922,1.1862720899274433,2.0028409748873157,0.6917026137040339,0.7584720169153982,0.5752798004437122
3179.096187440117,1.3259165013053018,4.031308497728412,1.447237812647835,1.1219002582032613,0.877307546392616,0.9064918394991497,0.8217274550785522
3207.805284510058,1.5287050032961877,4.819420675704035,2.0061838436621326,3.57632427465464,0.41303169485351166,0.5152138563397651,0.26544531776449215
3236.7736415098548,2.1992597559840648,4.860689029036812,1.9964861102395937,3.8792999738593044,0.3742364284623351,0.47847532360843803,0.22893863530219952
3266.0035997082437,2.982770223594564,2.6323625579135306,1.145124498991631,2.347271853106187,0.6202753474992474,0.6989375777207558,0.4885137375501576
3295.497521516977,2.7105910516455447,3.0093283908486668,1.042433951739033,0.6663870049673468,0.9529787937556303,0.9645226427570248,0.9303039283909954
3325.257790681765,1.9076866551905645,6.222954697047889,2.2090096536182804,1.3118457043309217,0.8394786942098235,0.8770154793296343,0.7691561509837883
3355.286812474947,1.0114242113686933,9.086574909647776,3.060162125961802,1.9662531290143634,0.6995098800743834,0.764883671305345,0.5850470306295429
3385.587013889866,1.5860525260573892,6.512765384065599,2.153102659243313,1.984597805440115,0.6955915022389227,0.7616679840111558,0.5801381178676182
3416.160843837037,1.6069490715632,4.225982915628608,1.552805967542393,2.4282305457372138,0.6041767308044935,0.6852877935503983,0.46961935998917326
3447.0107733420673,1.367145128434318,3.91258084450377,1.457183058734491,1.00709465870885,0.8987202536701967,0.9230354840543898,0.8519945048235217
3478.139295745378,1.5874314783631303,4.431612956686267,1.4821046203387018,0.7910241753162732,0.9349950658285563,0.9508390057765603,0.9040948149061576
3509.548926903703,1.2795839168822671,2.9451049257327786,1.0339117013634476,1.209720534994809,0.8601391089029574,0.8931543566886178,0.7977247048718586
3541.2422053934315,0.7038547273712644,2.0793200245375343,0.7446312437534596,0.9142564898678943,0.9150186653358224,0.9355617658889679,0.8752758177932839
3573.221692715794,0.4588238230637763,4.1816639937786455,1.4385485893303964,0.2070261466402863,0.9952603682662013,0.9964431660192654,0.9928989831064973
3605.4899735038625,0.185646216327287,2.479029613180949,0.8476423501881585,0.20387561972148216,0.9954028680783326,0.9965501659767727,0.9931122333083333
3638.0496557314577,-0.09356095292343777,3.1453890319883353,1.0815370982762134,1.1454467331202391,0.8727655078190286,0.9029697070108272,0.8153542917792193
3670.9033709239384,-0.2951759483130358,5.1568529976467925,1.8529401735144968,2.7099840570411287,0.5506603350983253,0.6392383856235124,0.4086257136545543
3704.053774370866,-0.029289231022952646,5.2306581495755795,1.7564123975752597,1.7480298428299437,0.7465405106551657,0.8031377407823526,0.6450302306689814
3737.5035453406176,0.5092657912644829,5.855012487088128,2.061732229688009,2.4661429873488583,0.5967433236741974,0.6789545086573091,0.4609792248260881
3771.255387296942,0.9676742325234426,6.191319456214012,2.315150324240438,3.7646642624997804,0.3883881102131221,0.491982261775613,0.24204654590184776
3805.3120281174347,0.8513300690137983,5.339503535027648,1.8970051222156137,2.2237326095934127,0.6453932285039362,0.7200593653347752,0.5184854896063192
3839.6762203140242,0.3058778053347597,3.9288110530448743,1.3565818793821756,1.1729175731475479,0.8674083764268247,0.8988096133041504,0.8078587209679565
3874.3507412554272,-0.8103128403505208,3.9310147297704843,1.4784088424252182,1.1209605606831992,0.8774878236155029,0.9066315416208284,0.8219807522617598
3909.338393391635,-0.7420567535157038,5.892817434829984,1.9921187764879043,2.1702240244692685,0.6564612559698902,0.7293010259263729,0.5318799864172601
3944.6420044803895,0.15230920822682972,7.859243927348171,2.882181162713397,3.0374761408104236,0.4937929863345536,0.5890588535297236,0.34699033292175235
3980.264427815737,1.7622715328851286,5.79211313828668,2.0920270292471908,2.3493475106234976,0.6198588849981437,0.6985855900156511,0.48802182657751547
4016.20854245865,1.997419993510437,3.54484569310815,1.3603154063311986,2.1623750772890133,0.6580936093210384,0.7306607108846368,0.5338650744304427
4052.4772534696917,1.2968677413504883,4.582743736017429,1.5322814589853606,1.2348517276609212,0.8551183612214961,0.8892414001640462,0.7907502677657132
4089.073492143822,-0.01856520189811748,4.866184404527928,1.6483597163816215,1.7585063569919082,0.7442725370527157,0.8013071089337703,0.6420930828277973
4126.000216247318,-0.44712735581250307,4.339181751292349,1.555222616604373,2.1719669062220257,0.6560990856461056,0.7289992380382886,0.5314398890604054
4163.260410256807,-0.31695744172005946,3.325779819033954,1.275819344780657,2.0894693549118752,0.6733562270975526,0.7433334227572871,0.5525445773880636
4200.857085600478,-0.1686714115263505,3.3967199347163257,1.2702237725238452,2.0841251831946788,0.6744817730977305,0.7442651152646819,0.5539305617999501
4238.793280901497,-0.3598792014491912,3.906612973779392,1.3350625904715614,1.1795842444273148,0.8660992313869568,0.8977920179821404,0.8060305075524439
4277.072062223558,-0.6413839068672998,3.639988743260096,1.2870771786953685,0.7288829999525659,0.9442602713190962,0.9578969450914061,0.9175665574154483
4315.696523318699,0.06844630123942261,2.891487731024293,1.017340328662638,1.163322609136028,0.8692864164144084,0.9002687391434265,0.8104838026788951
4354.669785877367,0.27393457049940984,2.579770896326675,0.8343309540099765,0.4950413085905675,0.9734922498189017,0.9800525742967577,0.9605030483857019
4393.994999780681,0.10499735972738425,2.6028888901685656,0.9583865457149838,1.3695716587393036,0.8275309218634705,0.867637217858689,0.7527943418135661
4433.675343355028,-0.4924998494693826,2.1825030371226264,0.9229933434625991,1.9334730096862232,0.7065297070900031,0.770633386716146,0.5938758167215971
4473.714023628959,-0.7034527242765272,2.851209773289696,1.1452110977564725,2.145029410705723,0.6617086955112603,0.7336689362404112,0.5382701080041364
4514.114276592345,-0.633678288402876,3.3363871241632888,1.1110983234343046,0.6145511068131168,0.9597263563836561,0.9696400969177181,0.9402019175506018
4554.879367457951,-0.29738640177372044,2.2843150373465373,0.8775667953950171,1.1517109229866485,0.8715493141305897,0.9020258302340851,0.8136505984094906
4596.012590925311,-0.8692821528809174,1.3100268400574093,0.5107272187430141,0.7633919517714196,0.9391859099270432,0.9540336132203159,0.9101801351542111
4637.517271447039,-1.9327957310816983,1.6908848698569012,0.6240486768352249,0.9646248208745616,0.9062986811212959,0.9288669509958648,0.8627938126523543
4679.396763497484,-2.173376556882207,2.809106471949648,1.0130075589558807,0.8334632851687247,0.9283460201130692,0.9457631966854667,0.8944680242047128
4721.654451843862,-3.0956239712779654,2.934901377915711,0.938120115429131,0.22078948319485026,0.994612735826924,0.9959568248739191,0.9919299970129385
4764.293751819827,-4.335568704140985,3.236344601494838,1.1125961893109924,1.0244462759832826,0.8955678194242281,0.9206061243349152,0.8475156361629532
4807.318109601479,-4.470066395033525,3.267636530222801,1.0845062337399027,0.978417118444193,0.9038594747450887,0.9269913596523499,0.8593129808701122
4850.7310024859025,-4.704287354541033,3.049595994800453,1.238867071258549,2.4298475306086402,0.603858291280451,0.6850168830435924,0.4692481300547588
4894.535939172223,-4.865473677080544,3.7069883434831037,1.369037945551556,2.2173353511527956,0.6467107973641566,0.7211615839410525,0.5200740301523676
4938.7364600451565,-3.801824354192916,3.0531797787267188,1.1114993975322471,1.698240869951925,0.7573193621095068,0.8118191568013198,0.6590503433496058
4983.33613746116,-2.888001540330039,2.3761517758773714,0.8450116203761012,1.1791380822832536,0.8661869529412293,0.8978602157515216,0.806152967029369
5028.338576037176,-2.153412131867715,4.4760197908962445,1.5511809633915867,1.986544028538688,0.6951762473975851,0.7613269326273854,0.5796186983438233
5073.747412941925,-2.137454766825328,3.565440131715756,1.3128247675938731,1.738201748675647,0.7486682863773263,0.80485394591519,0.6477898742552515
5119.566318189898,-1.952201455223791,2.470201688661845,0.937715793463735,1.5838454619597437,0.7820261577458553,0.8316028325202854,0.6915632710557619
5165.798994937954,-1.6752843182155506,4.4824028823722015,1.44308935578642,0.545482371860724,0.9679968394435914,0.9759003066994053,0.9523814086159933
5212.449179784641,-1.598933471059214,5.976537163579514,2.2091368184387266,2.807161200113288,0.5331704911090129,0.6239496977691202,0.3893132253461765
5259.520643072157,-0.7355881703802727,7.663632784941945,2.588339770509302,1.7083315392704785,0.7551351298129726,0.8100624590116619,0.6562011875000203
5307.017189191099,0.5862215821964101,7.692948436747413,2.5222617351809027,0.28389439609165557,0.9911243680610222,0.9933358632673744,0.9867161372531401
5354.942656887946,1.2189975299087827,4.367527990742442,1.5940343859390547,2.215309978644481,0.647128267936893,0.7215107038112522,0.5205776957142085
5403.30091957529,1.2865377876044637,3.1089941670348358,1.0249733679577322,0.8916429507571523,0.9188335938913431,0.9384856771176734,0.8807553661550179
5452.0958856449015,0.9615723345355999,2.612111274529477,1.0151070340456518,1.8528469053995889,0.7238775715426031,0.7847816515904446,0.6158822406730259
5501.331498783629,0.5630590446614605,4.718687610072167,1.7720178976602778,2.9829454481989877,0.5028505045504587,0.5971441302442863,0.35658111228520517
5551.0117382921035,0.32598075620328476,4.58653861457119,1.746399951633408,2.9033040910301597,0.5163755704625848,0.6091500242386516,0.37106375202994984
5601.140619406366,0.2731481857708482,3.4703806846529273,1.4284242711044903,2.7984562358125586,0.5347162345600276,0.6253059014783633,0.3910074704236686
5651.722193622404,0.9451986384417197,4.01848368199466,1.2949492120321113,0.46461737319111385,0.9765763492989525,0.9823803156641592,0.965071084604413
5702.7605490235655,1.5531677306665683,3.5014093423853185,1.1884109400379497,0.9350763242857321,0.9114507626260553,0.9328244258475624,0.8701614094578346
5754.259810610979,2.052580886503379,4.981915917240908,1.5774553944750667,0.24409078322535027,0.9934235021475769,0.995063560740761,0.9901514899140821
5806.224140636965,1.90293248662369,3.11893276712609,1.205941626849615,1.9434804024160548,0.7043843029577527,0.768877676683198,0.5911728817017523
5858.657738941395,1.941916421154755,3.109207108198954,1.2322297976006733,1.5150364114477255,0.7967890937845841,0.8433493911306452,0.71123819552043
5911.564843291153,2.1162102965254643,3.661519277230286,1.3362890581827205,0.9455722110264309,0.9096323878675715,0.9314283155352717,0.8675587069808737
5964.94972972265,2.3288817220168117,3.7588584316492337,1.5028783044869625,2.5392671411488497,0.5826043049288949,0.6668532421833447,0.44469324661043863
6018.816712887389,2.372424813902199,4.060055287006509,1.4304867485753558,1.8568266665025177,0.7230190226464405,0.7840834602936683,0.6147868727060924
6073.1701464007065,2.3019650833002974,2.7471077570985747,1.077250229854285,1.5153762681334497,0.7967164493667455,0.843291723432641,0.7111409308099939
6128.014423193621,2.2840510480056944,0.7725886993495434,0.2569161374959623,0.2254869313923984,0.9943823632108124,0.9957838069133369,0.9915853901108177
6183.353975867907,2.0962132992297677,1.6674971884879193,0.5594870413744258,0.518162496614553,0.9710317102182735,0.9781941458997713,0.956863787072583
6239.193277054305,1.7714423593332491,2.8420372112418306,1.1169667753044268,1.9195401125754168,0.7095198668742795,0.7730781884503338,0.5976498854576499
6295.536839774025,1.2676106631841784,2.1927152949806303,0.8877089401463504,1.651771150939209,0.7673715044797071,0.819887473312641,0.6722154688949866
6352.389217803517,1.1870349329039032,2.4147476203616685,0.8648377016066763,0.425614365865557,0.9802696137180716,0.9851654111205386,0.9705508872682999
6409.755006042475,1.3319572682623002,4.938568440024111,1.7846840727914106,2.220157680642074,0.6461293204871202,0.7206752159210996,0.5193727668429236
6467.638840885222,0.6167053808175669,3.6542819720505766,1.2543880576179223,1.1387428362756353,0.8740634564217242,0.9039766703838281,0.8171738205982322
6526.045400595454,0.3272612300173398,2.9172020077850465,0.9322804835797529,0.3567813676509374,0.9860535927706442,0.9895218531896304,0.9791534979398404
6584.979405684304,0.3957104597312998,1.731212721895833,0.6817247122691987,1.198177293303719,0.8624300605071484,0.8949379282941055,0.8009138954993453
6644.445619291875,1.0497386361710617,4.077578863018003,1.4665612199164293,1.8667043816936233,0.7208889859584731,0.7823503707019311,0.6120721025374491
6704.448847572236,1.0840454446628267,5.844306382326934,2.016209773656545,2.531767042867716,0.5840422388522399,0.6680872641812093,0.446340592561133
6764.993940081813,0.688056772786724,6.726136246775198,2.2089218171574148,1.5814484129894513,0.7825420718610647,0.8320142640288871,0.6922477355475307
6826.08579017137,0.5256837794832754,6.704760559213424,2.1370420299300803,0.7356925393155312,0.9432732733735529,0.95714590806651,0.916128289328464
6887.729335381479,0.2721172999802276,6.202197760146411,1.9874520228018804,0.8821790310057649,0.9204110499167611,0.9396938140624962,0.8830244641873213
6949.929557841615,0.08954067151246432,5.103429320947368,1.7231271807734914,1.761696352763705,0.7435820172410879,0.8007494678136341,0.6411997102038182
7012.691484672772,1.5742378512334316,2.7199724007286417,0.9288236115828142,1.0531019995394133,0.8902936781014923,0.9165369267435187,0.8400399380844543
7076.020188393785,2.452338286046083,2.1876473159418754,0.7896067396951929,0.9848012716766235,0.9027231958940918,0.9261172030648397,0.8576930738126416
7139.920787331321,2.804792595693872,3.4066259587062238,1.2079218987396567,1.4913231874832662,0.8018499676950844,0.8473636641002862,0.7180251792374626
7204.398446033506,2.187348501871118,5.004664343664767,1.6266845841908855,0.24297040688486016,0.993483343302338,0.9951085153628771,0.9902409573477096
7269.458375687359,1.8761981213198637,4.604452562918432,1.6349622941021125,1.8062922576921419,0.7339334793172358,0.7929440128193068,0.628760207465985
7335.105834539981,1.7953043854131256,3.3739492524911174,1.5153131686428727,3.1176809771678,0.48077090844926196,0.5773692303913137,0.3333552282026579
7401.3461283235,1.7447179405098843,2.9424309507471476,1.1647156019946208,2.1535883011615238,0.6599235884160359,0.7321840081596568,0.5360934218047404
7468.184610683905,2.1458366607357897,1.7739083011418626,0.7109172784482621,1.3276991272541903,0.8362147922667096,0.8744568504025635,0.7646747832159713
7535.626683613761,2.8353147598811694,1.0619190860594876,0.3651415561285339,0.4434041827685027,0.9786217608799075,0.9839230878674787,0.9681046428386743
7603.677797888761,2.8595356342906477,2.811462936757116,0.9895118622230363,0.9983492307044513,0.9002969911915214,0.924249765476704,0.8542376289837423
7672.343453508289,2.6361765156404013,3.4721438645804445,1.298414433005617,1.8221404586225045,0.7305078676413026,0.7901666090489108,0.6243632700558542
7741.629200139962,2.2215230231728818,3.3811013757829267,1.388107259763493,2.646377567092394,0.5623835083155881,0.6494181654684654,0.42174395364042716
7811.540637568118,1.7508307864288377,2.043221601936107,0.8291452212752813,1.5876391671580996,0.7812094391519454,0.8309513764988925,0.6904801901054042
7882.083416146418,1.3027961033815127,1.7498843033781863,0.6705105662924483,1.181208964559764,0.8657796591584932,0.8975435568759056,0.8055844364894519
7953.263237254546,0.9119982759539463,1.541137572998597,0.5377112738430526,0.5873732378652634,0.9630811075127508,0.9721810414756205,0.9451359774046221
8025.085853758953,1.0819593633204225,2.0324115664035514,0.7187874371824529,0.7666147383087917,0.9387028932941895,0.9536656000326635,0.9094780766856603
8097.557070477845,1.3505355996955755,2.5690569980150393,1.0099541582460674,1.700521079997542,0.7568258155932138,0.8114223263635936,0.6584061917213062
8170.682744650321,1.6801872775946356,4.894236013230896,1.7174495702394812,1.5533417238207416,0.7885833797338925,0.8368270588720363,0.7002795264604226
8244.468786409801,1.797239447348887,5.0337096767821645,1.7415330573272565,0.7690934518629218,0.9383303502553072,0.9533817249818581,0.9089367135293834
8318.921159261636,1.4004531971240424,5.213242430362436,1.700120595438663,0.9368552472883355,0.9111434894853677,0.932588556848915,0.8697214163655418
8394.045880565118,0.6336662447940268,4.127491448813129,1.5412140575659572,2.4470476091811766,0.6004787015568576,0.6821395116958635,0.4653143134166712
8469.849022019836,0.284017058309704,4.6308794211362025,1.6553727439006227,0.7433191500825783,0.9421594338876028,0.956298117420095,0.9145060893812178
8546.336710156354,-0.13233943611285462,5.100434672812041,1.7748442832662559,1.2687882087305924,0.8482704716257038,0.8838951727464986,0.7812706764045627
8623.515126831384,-0.5856626895191844,3.4151670275979473,1.1425620044877016,0.5465722978850788,0.9678729337743561,0.9758066172028104,0.952198554176792
8701.390509727444,-0.8052184896390695,1.5808458756407209,0.5417689305268787,0.4892793087881684,0.974089833625695,0.9805037478582488,0.9613875995640724
8779.96915285695,-1.3392358753052065,2.2927316628630963,0.7779461291828941,0.8487737990197994,0.9258862078935447,0.9438831019842323,0.8909153102113767
8859.257407070923,-2.0293239503688754,3.2260076423053303,1.310945864001458,1.997422023011662,0.6928569286284397,0.759421123922078,0.576720443459072
8939.261680572316,-1.2552413216947338,4.266766259337961,1.6789723424229153,2.879616259490944,0.5204661817324202,0.61276561448028,0.3754816982893951
9019.988439433868,-0.6023195720530603,4.060584950166314,1.589767036888339,2.9344538569123815,0.5110436696471143,0.6044265178188912,0.36533141544267045
9101.444208120743,-0.054445438329895,3.8767450500100216,1.3203131369734924,1.3667604197961674,0.8281166550117731,0.8680977676537238,0.7535937342053788
9183.635570017836,0.3443549961881461,3.2934220694114145,1.104967227812656,0.9413479565645639,0.9103657912919961,0.9319914913046857,0.8686081398643322
9266.569167961881,0.4158792757047547,1.7416658776154355,0.6333379842522169,0.8044034280186176,0.9329262440553909,0.9492606597395988,0.9010958001292585
9350.251704778282,0.22380280041097986,1.5068437871361184,0.6435902476595526,1.3461788992940504,0.8323932200369752,0.8714578786703926,0.7594388342967007
9434.689943822877,-0.0029514701960590473,1.0513934718902014,0.37124125544713316,0.5019206805615527,0.9727705978224578,0.9795076374056563,0.9594352117360107
9519.89070952859,-0.3170012779442869,1.817274359479846,0.643096663853981,0.8940883729560124,0.9184241375402069,0.9381719992663339,0.8801667002073901
9605.860887956931,-0.686437803282835,3.378746912773456,1.3893008259895692,2.395590606009813,0.610630906941657,0.6907709840633344,0.4771645524238274
9692.607427354575,-0.7880026321379038,1.3748373859558054,0.5906850179185863,1.2117537598997437,0.8597345741274672,0.8928392914519515,0.7971620003604228
9780.137338714954,-0.6898329092919391,0.8975713982159057,0.29992093262548675,0.2196992736340263,0.9946655236054245,0.9959964689466261,0.9920089661541475
9868.457696344842,-0.4569031639002542,0.893054228389762,0.29994226708704524,0.3011722933757187,0.9900222531928314,0.9925073175514347,0.9850707753931445
9957.575638436134,-0.7357559745735853,2.1551160431645524,0.7164804199314536,0.6805912022256799,0.9510520574507099,0.9630597160414416,0.9274840166618221
10047.498367642806,-1.0938884201245234,1.9636472096674547,0.7888544247276257,1.5223649896401983,0.7952219417134795,0.8421050386820124,0.7091408961736336
10138.233151662967,-1.5448627331115752,2.3417275119544563,0.8614344677784928,0.42666220533269694,0.9801742722944722,0.9850935470536797,0.9704092964468003
10229.78732382632,-2.5392057125310825,1.5911385637772215,0.5809746324000021,0.8930258895342429,0.9186021304533932,0.9383083610370434,0.8804225803920226
10322.168283686833,-2.6704804068767407,1.7172973765121347,0.6444194686412943,0.2021283802798317,0.9954809718629215,0.9966088107566496,0.9932291216777837
10415.383497620729,-2.120532132704088,3.9690844400948877,1.3412102014879572,1.1803149268723678,0.8659555359895359,0.8976803004804144,0.805829921870607
10509.440499429975,-2.1957369654983574,3.595412620552981,1.151613139834992,0.5633142245654432,0.9659426942188998,0.9743467067112954,0.9493515048791471
10604.346890951214,-2.6021632323239787,2.2921432076815567,0.7538503428110811,0.631537675528548,0.9575649928514788,0.968001868020253,0.9370276164906992
10700.110342670097,-3.2707584526405618,1.1579858136058432,0.39161119746436923,0.3103838661915712,0.9894091289414719,0.9920462844097359,0.9841558304111626
10796.73859434127,-3.658110331897802,1.4012131869876292,0.47045538208795407,0.41532352739476064,0.9811944669224754,0.9858624331160492,0.9719247370294966
10894.239455613819,-4.080148071849083,1.4448907970227647,0.5612843545685468,0.9473693737366808,0.9093197334045141,0.9311881956768817,0.8671114557679666
10992.620806662615,-4.501058135230817,3.4956425982118686,1.253342116800719,1.3876113941678958,0.8237635364683423,0.8646730499642775,0.7476594833345259
11091.890598825026,-4.250728578258354,2.1137756261358303,0.7654443189194365,0.6520219730066876,0.9548937220384451,0.9659758714386856,0.933109384201728
11192.056855243713,-4.002127469065707,2.171008207936416,0.7362374639802123,0.7768194873954424,0.9371633517905469,0.9524922983008911,0.9072415783225136
11293.127671514982,-3.779996398480086,3.092162793685334,1.0780674164299224,1.4104077939906183,0.8189821763051495,0.8609062042952981,0.7411594925941374
11395.111216343132,-4.1414297971583505,3.1654345997192594,1.08670776170243,1.152622335905217,0.8713720937881068,0.9018882636723222,0.8134024401498762
11498.015732200562,-4.258846175792916,3.1593434661762925,1.232735811384108,2.2366896027235024,0.6427294977461332,0.7178292882562927,0.5152788870785358
11601.849535994115,-4.187325013029776,3.0847593826853474,1.3861413177097064,2.8534204482740564,0.5250259984894073,0.6167875618721206,0.380426896480155
11706.62101973707,-4.578094429560024,2.072570241584648,0.6913982196864307,0.5786079693738273,0.9641355313530372,0.9729792224131947,0.946688567247785
11812.338651227556,-4.641042001256083,0.6016369617676354,0.22257994322381347,0.2509258580225584,0.9930526274064935,0.9947849324687598,0.9895970618668749
11919.010974732852,-4.426594174289746,3.4959075114347318,1.2400897434469025,1.4873624255634574,0.8026936984226316,0.8480322923924323,0.7191587689403638
12026.646611679991,-4.314051152750007,2.6842436138563146,0.9234002864143026,1.14920559882859,0.8720361120515273,0.9024036691367139,0.8143323820714038
12135.254261352478,-4.337593660211945,2.61728824959799,0.8972678644847335,0.6062842551680041,0.9607603485001703,0.9704234962015512,0.9417217619800422
12244.842701593438,-4.47830697230726,2.8093012048395765,1.0582708366262517,1.74499385730038,0.7471977865063915,0.8036680117059215,0.6458822730393493
12355.420789515096,-4.604279274143931,1.753493925436663,0.708651041707791,1.381493693471311,0.8250428123233122,0.8656799597608117,0.7494017927314804
12466.997462214558,-4.978999423870114,1.9484957518375685,0.6335738967899309,0.43836900512735166,0.9790944424078796,0.984279497932927,0.9688061300510948
12579.58173749614,-5.547636840084243,3.9270589403255927,1.3516018888936787,1.2597315567942173,0.8501053133220686,0.8853287098638437,0.7838069245091779
12693.182714600227,-5.449669735940074,3.8287853358123485,1.3508569823749106,0.34065170826415514,0.9872704002296422,0.9904375275106317,0.9809664959013733
12807.809574938614,-5.405432038130958,4.058035194663044,1.4901999899305103,1.9596809174708607,0.7009155117915641,0.7660361299213417,0.5868113523448667
12923.47158283661,-5.379486998315476,4.981420590664598,1.9119269777025336,3.198983460574939,0.4679336706765476,0.5657677946131843,0.3200931974214663
13040.178086281852,-4.458888019124246,3.6193630443268825,1.4230750059596635,2.1940522741643926,0.6515193069623973,0.7251794147162259,0.5258851835281679
13157.938517679744,-3.8282356491975826,3.697006758759002,1.212222716384548,0.8768441116297412,0.9212952235258018,0.9403707556936269,0.8842971581638029
13276.762394615822,-3.469824263320018,4.239848751325284,1.5069251499310434,1.6566917163632304,0.7663078325496957,0.8190349763701313,0.6708182925176216
13396.659320625013,-3.622679727402231,2.4999462660062166,0.8809755380028714,1.1396056602968527,0.8738966153798656,0.9038472541435782,0.8169398588228862
13517.638985967726,-3.9851512036164163,0.8662023775045973,0.31293093542948225,0.36414054244230787,0.9854807657370539,0.989090690490227,0.9783003940144341
13639.71116841308,-4.546949738037712,1.8899931455530594,0.6705770208449504,0.9323370685085379,0.9119231758127241,0.933187020871525,0.8708380159230721
13762.885734029227,-5.542748498836222,2.358258511529163,0.8274309510466524,1.0835148184881893,0.8846074446083535,0.9121430270078247,0.8320049017189971
13887.17263798065,-6.3000476562142635,2.6515623181104333,0.9336534652410181,1.2035596187847695,0.8613630639677863,0.8941073884045291,0.7994280219995675
14012.58192533279,-6.839944578854321,2.9503308153546834,1.038583699323284,0.1900889154635088,0.9960011884951327,0.9969993897591833,0.9940077831801839
14139.123731863927,-7.270999647301987,2.4835372968790956,0.9654766396961664,1.7328598743204928,0.7498248319194889,0.8057862719815122,0.6492915161138636
14266.808284884291,-7.452995021161367,2.396199659640578,0.8340958243642105,0.9502878209347863,0.9088112024663043,0.9307975978211571,0.8663841681096365
14395.645904062698,-7.422185882620316,1.6080104366358414,0.6471218071238256,1.0928679986137997,0.8828410603293855,0.9107766602632903,0.829514124880353
14525.647002260665,-7.932874982362191,2.3540114758588535,0.9495803451908823,1.6147027433750507,0.77537645941445,0.8262937326709181,0.6827613326512387
14656.822086373908,-7.689330850676382,2.1084335428241863,0.8361003302454735,1.5578638596936152,0.787612445091778,0.8360541892734747,0.698986607401727
14789.181758181585,-6.746177675804549,0.5877761727953352,0.2047695617271091,0.1428585599556671,0.997737511776943,0.9983026534872694,0.9966081879597232
14922.736715203026,-5.332696604761183,3.260276252548805,1.0662812344782406,0.45151911106560494,0.9778495873406443,0.9833407630382749,0.9669590562526967
15057.49775156253,-4.5013757673076675,4.752812303707941,1.570697548522658,1.174408742854511,0.8671158542683683,0.8985822698576894,0.8074500957025974
15193.475758861538,-4.2265655274759935,5.0807923070933505,1.9350848594170138,3.10947270709515,0.4820872316065615,0.5785544279538875,0.33472522610505
15330.6817270591,-4.969305449546623,2.9278469943007064,1.0850137718220694,1.513643899679571,0.7970867114795841,0.8435856368197046,0.7116367266485064
15469.126745359998,-5.840940790244654,1.5344038921389327,0.48614822893220255,0.08226994071119798,0.9992485270091602,0.9994363422985686,0.9988730023071416
15608.822003111041,-6.836462987484762,1.539775281004026,0.5215037624696603,0.3125053072375037,0.9892654186132338,0.9919382124188809,0.9839414172567649
15749.778790705293,-8.068092307809977,1.2340244561853817,0.4747348123205781,0.7049098324539349,0.9476778755975677,0.9604959905604529,0.9225525478827057
15892.008500494792,-8.891385811783605,1.4233829816618684,0.5844062063703214,1.0615468933776793,0.8887237129519282,0.9153244770070174,0.8378188982081698
16035.522627711043,-9.335113371862498,2.6896240219654377,1.0683544334839383,1.8390382089692192,0.7268579610310788,0.7872037669222189,0.6196897706565313
16180.332771394313,-9.934489292592318,1.4396857231453382,0.5047656186448022,0.4060542156852982,0.9820095816195424,0.986476613766167,0.9731361095075635
16326.450635330948,-10.684494246768137,2.1901564918201544,0.7401962260032352,0.8126045361517775,0.9316455652594192,0.948283165484708,0.8992409619416982
16473.888028999365,-11.56064795719907,2.8771095848083412,0.945178099911692,0.44200385330157665,0.9787537139409047,0.984022587092027,0.9683004519072858
16622.656868524402,-11.29277439474873,2.3987227060715615,0.8941613898661495,1.1482609727352795,0.8722195236952992,0.9025460144366827,0.8145893081755406
16772.76917764047,-10.501681472714722,2.3093450579572927,0.8447932907699574,0.8477019252408944,0.9260594467340013,0.944015553511729,0.8911653652720561
16924.23708866341,-9.212337090528903,1.6590001784570312,0.5882149452269468,0.7319502723671274,0.9438165709325698,0.9575593441459355,0.9169198975611941
17077.072843470916,-7.839384361078532,3.0331999537425105,1.008971757898173,0.6714161733492876,0.9523003668258609,0.9640076131572626,0.9293106782251624
17231.288794492008,-7.310113176345278,3.4244902258531456,1.2497037551363834,1.8561985393511486,0.7231545146859832,0.7841936592395142,0.6149596951914593
17386.89740570539,-7.58122325600296,3.8507721843675773,1.5423991595737336,2.5888612902797954,0.5731679896075571,0.658736072120648,0.4339332127129396
17543.91125364671,-7.068759892268353,2.1289713522932567,0.8162716413666934,1.353715638431023,0.8308296106286723,0.8702298473377124,0.7572999871974182
17702.34302842509,-6.174180585987056,1.5653102295250116,0.5322794105567789,0.5216029807826628,0.9706570723411928,0.9779110813117835,0.9563100829523817
17862.20553474882,-4.914135211062957,1.9113455728483277,0.6609892175944988,0.7571991886128773,0.9401097239076284,0.9547373407193496,0.9115233897638555
18023.511692960157,-4.08792765550354,2.554415906943136,0.8768007936473596,1.0758224461680417,0.8860540466375423,0.913261521788364,0.8340466071791983
18186.274540079612,-3.38378610907825,3.1681845709587617,1.1914693027006555,1.8576936079490185,0.7228320245873164,0.7839313617789138,0.6145483799805422
18350.50723085963,-2.7998505416602875,5.66004329207594,1.8113436278076078,0.7997491512602433,0.93364882454976,0.9498120303767902,0.9021428930484806
18516.22303884771,-2.4595943109725287,4.855597525150174,1.5802436245994955,0.7213971340385377,0.9453370583920947,0.9587160816065139,0.9191365251309478
18683.435357459228,-3.0317910730464166,3.6074331694078063,1.3550108765394229,0.4972157928336447,0.9732651056341767,0.9798810631190206,0.9601668978592619
18852.15770106001,-4.496699508817467,4.224690167806695,1.4913811244425543,1.9120045576116929,0.7111385633309228,0.7744005852499634,0.5996962664354857
19022.403706058467,-5.437816015181023,3.4166037738787907,1.1993417889677396,1.1808053233583875,0.8658590718820155,0.8976053008430829,0.8056952761016013
19194.18713200779,-6.137066125681002,3.680606349625025,1.2445785206754565,1.1368040178933754,0.8744381294679102,0.9042672764709856,0.817699307296254
19367.521862717866,-6.599135381907012,4.760515307386989,1.5661097268099344,1.3086635426852258,0.8401321597822837,0.8775274431951887,0.7700544135606853
19542.421907377655,-8.010925846593043,3.8471510413509202,1.3425497995902342,1.283826973938802,0.8452123468614304,0.8815041768156919,0.7770496137435107
19718.90140168712,-9.078324327028326,4.200431349958721,1.3945629363371022,1.2256541051371475,0.8569610193644382,0.89067815472673,0.7933075753074127
19896.974608999986,-9.80267610440205,3.9656190721295985,1.5873932119597014,2.984064486911464,0.5026629726529718,0.5969770992997351,0.35638165708832575
